relative_path,bytes,sha256
QA_EVIDENCE/C1_GATE_STATE_DOM_REAUDIT_RC2_VERIFIED_2026-09-11.json,971,65bca4c077f0e2b12486d1487789d536df1717d9b55b5dbe410addcf774dabb0
QA_EVIDENCE/C1_MASTER_REPAIR_RC2_STATIC_QA_2026-09-11.json,1496,c1ddf7b21dcaf971621a0ca4a3255c90a70e2d2163f491377ee59fc45c5975d5
QA_EVIDENCE/C1_MENTOR_ARTIFACT_ROUTE_AUDIT_RC1.csv,32565,687b847bc7dd2fd5d95b5a3a8eac9e7dde251e1f23ea5a535e4168d2d7909877
QA_EVIDENCE/C1_MENTOR_DIRECT_OPEN_ROUTE_AUDIT_RC1.csv,71644,927113a863c72f8e53c66b8365a2446dffd1ff8404961bc9bef7943063b70be3
QA_EVIDENCE/C1_MENTOR_STATIC_AND_ROUTE_QA_RC1_2026-09-11.json,14152,0c2a1bd7a13f59ea71217d31de853598133b4c33cb8ad413c3bc5c61e9b41e54
QA_EVIDENCE/COURSE_1_SOURCE_VERIFICATION_OVERRIDE_2026-09-11.json,832,7abfa28f10dc1be49480a5403d28f62fd105d646501ac4424e867c4dbe1c5b98
QA_EVIDENCE/desktop_settings.png,116992,973ae6c33b820b011a85727ab88b6e6571a35a90ea9ea422fe6983c75e1eae65
QA_EVIDENCE/desktop_today.png,328361,85d0a0149e2663b4a7f2ee3b4e35e82ed718e8d33604ad074c04f383ca968ccb
QA_EVIDENCE/runtime_A_settings_timer_lesson.json,2265,1ba5978deaf2718b067f14f883a0d95823eae53de029e9e67b6254f3a506adec
QA_EVIDENCE/runtime_B_gate_state_machine.json,1840,3e9a34c97afd0a501a3805c500a9239ec25020e481b32ba43d64225d26ced917
QA_EVIDENCE/runtime_C_backup_restore_mobile.json,40648,bbd64ce2d2485fb085f283c801a04fa991a4a57cbe528d1d9f3f95a1fef71479
README_FIRST.txt,1459,eb369a65d8bbd60ea722be9f47f85a38847a52d4a8bb13204d8b2c58748a034a
assets/ai_assisted/C1_M10_AI_ASSISTED_ANALYTICS_BEGINNER_FIRST_LEARNER_BOOK_RC1.pdf,79341,14b2e059c78aa2b207108db35c5a0292e3ce5c634990a4eb10550e790d6afa01
assets/ai_assisted/C1_M10_AI_ASSISTED_ANALYTICS_CANONICAL_PRACTICE_WORKBOOK_RC1.xlsx,28710,03263290293d961c17770da5bc3a964977fc158d3f8f37f00467c2d6354d2fcf
assets/ai_assisted/C1_M10_AI_ASSISTED_ANALYTICS_PROTECTED_PRACTICE_REVIEW_RC1.pdf,21976,f08563437fd1cd279fc2532f2c16cac87f1c2d7c72abb53e5a94bd1755714f8b
assets/ai_assisted/C1_M10_AI_ASSISTED_ANALYTICS_TARGETED_REPAIR_CARDS_RC1.pdf,6860,c76f34e6e651eb56d4de67b0641c09f332f68870e020ce1546caae1cbb084b7a
assets/ai_assisted/C1_M10_AI_ASSISTED_GATE_A_INSTRUCTIONS_RC1.pdf,4253,afa316867f994e34c4352be9d2861eabae8f720314027bfb30bf8aa795b1f6e1
assets/ai_assisted/C1_M10_AI_ASSISTED_GATE_A_PROTECTED_REVIEW_RC1.pdf,4016,2cb6383bec8a5e8c8958be3c58eafdc487fed4a3edb594a8d3b86deba6925878
assets/ai_assisted/C1_M10_AI_ASSISTED_GATE_A_RETAIL_MARGIN_RC1.xlsx,12221,fa7af3da48b398b533dcb3f375f29ca1ac2be6673a499da9928cfe2d1ae1aec2
assets/ai_assisted/C1_M10_AI_ASSISTED_GATE_B_INSTRUCTIONS_RC1.pdf,4278,461cb4a00a1804a1f52eee1b5bbb5ec0d401a934a94bc1534b357b677b444a8c
assets/ai_assisted/C1_M10_AI_ASSISTED_GATE_B_PROTECTED_REVIEW_RC1.pdf,4033,d5cfe6699a1c3e8030da64189603752d5b8a53615646a134b5349fa4fb1123ad
assets/ai_assisted/C1_M10_AI_ASSISTED_GATE_B_SUPPORT_OPS_RC1.xlsx,12383,64016189c9ee84381a02a70b3b68e215a8ebbe956f363d8fde6899b86e2d8942
assets/ai_assisted/C1_M10_AI_ASSISTED_GATE_C_INSTRUCTIONS_RC1.pdf,4279,ac1aa64cb3c7aec2af3145e581b2367810268f40d7e2f7160f928b27b2ec227a
assets/ai_assisted/C1_M10_AI_ASSISTED_GATE_C_PROTECTED_REVIEW_RC1.pdf,4025,0e85899e30452ed0c25137b34f3d73ff67e498a41f7f0c2383c7632bd8ee7e59
assets/ai_assisted/C1_M10_AI_ASSISTED_GATE_C_SUBSCRIPTION_GROWTH_RC1.xlsx,12215,c14168085b3a330ce06b944baaa2c7650e9bbcfd4806856288653ab7beaaefe7
assets/ai_assisted/C1_M10_CANONICAL_LESSON_REGISTRY_RC1.json,19672,ebb4bc4d477bb0ef526a3f004bba49d5f28ae13355f9c6f7d12442352af60690
assets/ai_assisted/C1_M10_INTERNAL_QA_READINESS_RC1_2026-09-11.json,1581,e21bd4e1bce2435ee27dbeaa7f9b7172e5f9f869b84bf5f80617c81f22d32cca
assets/ai_assisted/C1_M10_MODULE_QA_REPORT_RC1.pdf,6807,38358f9e980806e9d37816c08cf5e87c8cc74aeb8a7aaafa3f3182984a28f9b5
assets/ai_assisted/C1_M10_RUNTIME_AND_METRIC_QA_RC1.json,3111,3bebc4c2da45414164d8942726a8aecf42e44f22a7295b85dfcb687b7637f3ed
assets/ai_assisted/C1_M10_SOURCE_VIDEO_REGISTRY_RC1.csv,5730,21c81ada08d5ecbbaa1c25e978b2649ca9f1c0787b545b806f82b6760537ca7e
assets/ai_assisted/C1_M10_STATIC_QA_RESULTS_RC1.json,20611,622d4f50f53045475e13b7175ac64523390ba4d747e77e03c0ae2d194212fdc3
assets/ai_assisted/C1_M10_WORKBOOK_FINAL_QA_RC1.json,33793,8f4255f1fa1b5694d1e7486817bb2c89b3eb644eee2ebb10c0a3127c8d778026
assets/ai_assisted/MANIFEST.csv,2814,f80cfcd5d1ced6f7bad8e0fec256b140f3a4d47b53c4fccbd02a2d6d215172e3
assets/ai_assisted/SHA256SUMS.txt,2448,4afbd6986fedb2fc8651f7f8acdcf22a067a817a941ff406e0daab36ad7b09ef
assets/ai_assisted/START_HERE_RC1.txt,1528,90a341e1e407d0717de64c0063b6147175397a020d9411c3e7175eea620f4bfd
assets/business_analysis/C1_M09_BUSINESS_ANALYSIS_BEGINNER_FIRST_LEARNER_BOOK_RC1.pdf,86626,2ae6973f8629ac90e85b07636900c5fc7741c6d5b0137e23a3a5f4e79e116776
assets/business_analysis/C1_M09_BUSINESS_ANALYSIS_CANONICAL_PRACTICE_WORKBOOK_RC1.xlsx,51866,64ab5afd6ee6dfe019289085e0da6ab3de219b4f209c047934165f8aafa89d43
assets/business_analysis/C1_M09_BUSINESS_ANALYSIS_GATE_A_CAREBRIDGE_RC1.xlsx,20401,3849bf0eb40dac419ee16464b30bfc318279bb6bac487dfb5632272b0fd8957c
assets/business_analysis/C1_M09_BUSINESS_ANALYSIS_GATE_A_INSTRUCTIONS_RC1.pdf,4096,fc9287bb0aecfd200b8831bb761ce516105dca025d317052b0ca5def36be5118
assets/business_analysis/C1_M09_BUSINESS_ANALYSIS_GATE_A_PROTECTED_REVIEW_RC1.pdf,3766,7f891105c5f17780de594e1fe54bb37e5c88c5c7d82b1465c1c472fe158d80c8
assets/business_analysis/C1_M09_BUSINESS_ANALYSIS_GATE_B_INSTRUCTIONS_RC1.pdf,4122,a864406783e1c0436a867d69cd499a287fb4bf9ff76eccccae8ff00361a6a3a8
assets/business_analysis/C1_M09_BUSINESS_ANALYSIS_GATE_B_PROTECTED_REVIEW_RC1.pdf,3679,fb2bb5e27332aec24823f9b5863d5554f5fb3a00132ac848a65768a4ff8b8594
assets/business_analysis/C1_M09_BUSINESS_ANALYSIS_GATE_B_STREAMFIT_RC1.xlsx,19216,760294bf8b21fae003dacff1337fe55528d38a6c695208ac41622bf8aca72f53
assets/business_analysis/C1_M09_BUSINESS_ANALYSIS_GATE_C_INSTRUCTIONS_RC1.pdf,4112,4ce459923ac7e8869b5d2fce9f700c82414ac484383e3db68a6a59c26b2d1cd1
assets/business_analysis/C1_M09_BUSINESS_ANALYSIS_GATE_C_PROTECTED_REVIEW_RC1.pdf,3748,698ba86f05e563cd5522a5ffd9860ffb7ae91de05db270ea9c9750428b7f6308
assets/business_analysis/C1_M09_BUSINESS_ANALYSIS_GATE_C_QUICKCART_RC1.xlsx,23820,8f9eee98a8313e7b873117acb1c54864ec6e8dcc68b70d314b97215ce4e6355b
assets/business_analysis/C1_M09_BUSINESS_ANALYSIS_PROTECTED_PRACTICE_REVIEW_RC1.pdf,22375,e8c003830086fa3f1c450b94f1c84f90aeb316768abcd31bf7c51d4db7c11b84
assets/business_analysis/C1_M09_BUSINESS_ANALYSIS_TARGETED_REPAIR_CARDS_RC1.pdf,6936,f340785bcf9710bd08b31c3582301d725a9c9a239e077ff21edd9b31783e6ba1
assets/business_analysis/C1_M09_CANONICAL_LESSON_REGISTRY_RC1.json,13194,f0b19970db8e6be7a116cc049528503b447f56e5efdf32346ab35ad0b7d13055
assets/business_analysis/C1_M09_INTERNAL_QA_READINESS_RC1_2026-09-11.json,1314,14290d94de245b65f51c9a1b4a37f7cd7c6b61ceb62497015c14631786e10044
assets/business_analysis/C1_M09_MODULE_QA_REPORT_RC1.pdf,7186,380130ed71159813c5d29910efb3ba176511cf2cef8418bc8193ed65cd5cba10
assets/business_analysis/C1_M09_RUNTIME_AND_METRIC_QA_RC1.json,8808,6c3982717d87d35027f5c5e3945889644f06eab567419c9e32524179f9010bbf
assets/business_analysis/C1_M09_SOURCE_VIDEO_REGISTRY_RC1.csv,4962,414280b01ba19c65ba5b31248c785b84ff006da33da4a6816b23d8834490aef9
assets/business_analysis/C1_M09_STATIC_QA_RESULTS_RC1.json,17338,62b6187ec21b7fdb186ad6606535c03bb3a15da6d3d5044daf8f1d22fb26ef80
assets/business_analysis/C1_M09_WORKBOOK_FINAL_QA_RC1.json,1594,a544d4824b6295ed849e475d2ac1f3178b556d61c16c8d71033175186bbd71fd
assets/business_analysis/MANIFEST.csv,2836,31fcd2f366d1a23f14fa71b32f5ade7f22bac80a5fcb7fa786499a5d18975a37
assets/business_analysis/SHA256SUMS.txt,2471,5c05a9015ea13f1516cc6ad6d3f96f702983d4f93b0acf495a26f4157e1d1ad4
assets/business_analysis/START_HERE_RC1.txt,1922,08aff3b90ca1ae0b853d5e8f5951bc0e68db8a7ed08259d6323ee405ce3b12a3
assets/excel_analysts/C1_M02_CANONICAL_LESSON_REGISTRY_RC1.json,19172,94151e86d51af02c26e3cac730b4348523714736e32e30885fa649015d42dca6
assets/excel_analysts/C1_M02_EXCEL_FOR_ANALYSTS_BEGINNER_FIRST_LEARNER_BOOK_RC1.pdf,97786,6f64bf4fb013d82ce00ba69bf393991c7c0c5cab19d7e9e9e9d13828b5096520
assets/excel_analysts/C1_M02_EXCEL_FOR_ANALYSTS_CANONICAL_PRACTICE_WORKBOOK_RC1.xlsx,62787,805e125b911c1f070a440118cd595811bbce395945eec559c5168094c99a45dc
assets/excel_analysts/C1_M02_EXCEL_FOR_ANALYSTS_GATE_A_PROTECTED_REVIEW_RC1.pdf,8117,b5b6eea894737e02b10adf397ad9fae1be8d9f3a6cd494ef14a33cd30ce51da7
assets/excel_analysts/C1_M02_EXCEL_FOR_ANALYSTS_GATE_A_RC1.xlsx,20587,1e1e50fbcbe46625c2af83faa330e65981fe5249679ddcfc7fd5da015c006fba
assets/excel_analysts/C1_M02_EXCEL_FOR_ANALYSTS_GATE_B_PROTECTED_REVIEW_RC1.pdf,8111,3e8f20f04e774f9dee3a5f127527d908bc53d25b383d5c6303a53b40620f55a7
assets/excel_analysts/C1_M02_EXCEL_FOR_ANALYSTS_GATE_B_RC1.xlsx,20265,d9ea464eadc08457c794779db7a8f14e8f5df907f8cd7ae8b51a36a08be8fac0
assets/excel_analysts/C1_M02_EXCEL_FOR_ANALYSTS_GATE_C_PROTECTED_REVIEW_RC1.pdf,8082,7667c65cdd9badcf61fed6bc93d6bdc2fd81d579efef16094ad521b5500e8694
assets/excel_analysts/C1_M02_EXCEL_FOR_ANALYSTS_GATE_C_RC1.xlsx,20104,753399fd43084aaab85ce578b2b8107262956efdcc62f78605b5cceeef534966
assets/excel_analysts/C1_M02_EXCEL_FOR_ANALYSTS_PROTECTED_PRACTICE_REVIEW_RC1.pdf,25658,59094e9b2ab0d916cb60657f8cd94472c534b14a830077ac8ebf161f7ac0388a
assets/excel_analysts/C1_M02_EXCEL_FOR_ANALYSTS_TARGETED_REPAIR_CARDS_RC1.pdf,7182,0d58bf3c417fd8328d180b4ac6ac8d7d304628799c65f12a180cc8d71bc5ba32
assets/excel_analysts/C1_M02_INTERNAL_QA_READINESS_RC1_2026-09-10.json,1909,bbf9819dcbbb9b9645a0ec4aca3e32aa1311bd935c53c7c6c65ff1bedfc25976
assets/excel_analysts/C1_M02_MODULE_QA_REPORT_RC1.pdf,8376,55bfc4440d2b57e5c299d078c33ed72dd4486a506cef315ce99914a17c5b9bb5
assets/excel_analysts/C1_M02_SOURCE_VIDEO_REGISTRY_RC1.csv,4885,a5b9217b83720fab82c4cfcf2dab30d5f770c1030bd7d247c9f12852acadc049
assets/excel_analysts/C1_M02_STATIC_QA_RESULTS_RC1.json,19579,c7c86e5aee3286db4d3069088c60eb4200bdb38536eb9ecd9bca6347b5b22361
assets/excel_analysts/MANIFEST.csv,2102,91f9f89b75ed514057efa56636d046043c7897706903ac7a9e64b19c6c1cd3bd
assets/excel_analysts/SHA256SUMS.txt,1889,da76fb4047830cd34ebdc8e59beac08f7cbe99f3cd89c25466772d29657ddbb1
assets/excel_analysts/START_HERE_RC1.txt,1463,0a413c71a6d91a3354a5cf2cb27f8b0847e81fbfc1e3338c022400bb1abb535c
assets/excel_fundamentals/C1_M01_CANONICAL_LESSON_REGISTRY_RC1.json,14863,be86b70d02b03cc8d78446af939387386d7db6fca7018bd5af1567eddba1f785
assets/excel_fundamentals/C1_M01_EXCEL_FUNDAMENTALS_BEGINNER_FIRST_LEARNER_BOOK_RC1.pdf,71948,9a657d82d17f220712db6e034a31ff44dd7ec53b35791f3e1a65d3bd77d26d68
assets/excel_fundamentals/C1_M01_EXCEL_FUNDAMENTALS_CANONICAL_PRACTICE_WORKBOOK_RC1.xlsx,36890,7e0aa0128b03d1a70b5f7646f93d7840b035c319212e4e42f2577853a5fabef0
assets/excel_fundamentals/C1_M01_EXCEL_FUNDAMENTALS_GATE_A_PROTECTED_REVIEW_RC1.pdf,3975,aa951be965ff57cbdf6b80ae53111861019fa2dafaf00fcad91c52896945e0bc
assets/excel_fundamentals/C1_M01_EXCEL_FUNDAMENTALS_GATE_A_RC1.xlsx,10046,f28f42cbbba9754b10eceea10bb23fecb8fe490a59eda36bd3ce9c8c8c3123b2
assets/excel_fundamentals/C1_M01_EXCEL_FUNDAMENTALS_GATE_B_PROTECTED_REVIEW_RC1.pdf,3978,95b8c4e9b3a5a250f18ca4ae8ecba8b3289e4a0f7eb4e1ab0fd7e06bdd8a4c19
assets/excel_fundamentals/C1_M01_EXCEL_FUNDAMENTALS_GATE_B_RC1.xlsx,9902,a79612dc6c10249f16528534af0eee7526c18fbd4f777724befbb7d8d9cab539
assets/excel_fundamentals/C1_M01_EXCEL_FUNDAMENTALS_GATE_C_PROTECTED_REVIEW_RC1.pdf,3979,d877fd4868b5e4df2d47fdf2a3834dd4113faf6e4511be45c4bb60197aa09241
assets/excel_fundamentals/C1_M01_EXCEL_FUNDAMENTALS_GATE_C_RC1.xlsx,10041,7e0eaf61cfcd7224f42f23e8afedc2a3f41ef42394b91fb91effaa675c560f59
assets/excel_fundamentals/C1_M01_EXCEL_FUNDAMENTALS_PROTECTED_PRACTICE_REVIEW_RC1.pdf,25294,434a0e334c921e7d7e59e5ff8b600d0dc0a4802550f99b197b09e75dc68455e2
assets/excel_fundamentals/C1_M01_EXCEL_FUNDAMENTALS_TARGETED_REPAIR_CARDS_RC1.pdf,7154,2a42a9de066b4925cf5c469b587d34fa1bf401167f8b4cda6c7ebe4d5af291b2
assets/excel_fundamentals/C1_M01_INTERNAL_QA_READINESS_RC1_2026-09-10.json,1687,6213b5700d2a985f163006b7dfe85d05ef7a719b70c1b854e59c0a155fbc8ea9
assets/excel_fundamentals/C1_M01_MODULE_QA_REPORT_RC1.pdf,6469,47eeb1b1fc7a29a95619d0eea1e29d757c651469aea2aa0f5bbb7702fb71dd7c
assets/excel_fundamentals/C1_M01_SOURCE_VIDEO_REGISTRY_RC1.csv,3207,835d1a132ccc2a230d7bc7e850e657aa426f3e8790d0bd3a7aae6f4195fffa1f
assets/excel_fundamentals/C1_M01_STATIC_QA_RESULTS_RC1.json,12737,2015947356872c1b520e2b888498b7b404944f50b8c04cb066943f7b5013ae33
assets/excel_fundamentals/MANIFEST.csv,2023,f6ef571ba89e1435a9ce221b51c7688456cb35ac740fd4a13411387a000e87d1
assets/excel_fundamentals/SHA256SUMS.txt,1889,5bd9a4d12ed4e80265628029fcfa89c2be6e024a50b331f4e17842b400ac0e02
assets/excel_fundamentals/START_HERE_RC1.txt,914,8fa852c919728cdd153b71945c5c6b5db63e7eb0ed161c438dc3e018231d6cbf
assets/foundation/00_START_HERE/C1_M00_FOUNDATION_START_HERE_RC1.pdf,4024,296706bc5974dbfa1132993800d2c2cf33d0afd50632874100eaaf39639a5ed0
assets/foundation/01_LEARN/C1_M00_FOUNDATION_BEGINNER_FIRST_LEARNER_BOOK_RC1.pdf,477076,1150825366ea0b014608e4becf9fa79484ea22148ef4f07221b1091bd75994f9
assets/foundation/02_PRACTICE/C1_M00_FOUNDATION_BEGINNER_FIRST_PRACTICE_BOOK_RC1.pdf,18375,e201b70879bec5a79cbed04b45e2f09b860a367b015421ffc75d0d5a70a0d47f
assets/foundation/02_PRACTICE/C1_M00_FOUNDATION_EVIDENCE_LOG_RC1.xlsx,15495,38f50167086f48296ebc9704f6df6549296143a12d793582b01a9c4fc2a77ce6
assets/foundation/03_REVIEW_PROTECTED/C1_M00_FOUNDATION_PRACTICE_REVIEW_PROTECTED_RC1.pdf,5050,53ad759c66e88ddd030f4079db142ed10ad1906ef420cfcf7d4ba3fe5156d7d1
assets/foundation/03_REVIEW_PROTECTED/C1_M00_FOUNDATION_TARGETED_REPAIR_CARDS_PROTECTED_RC1.pdf,8573,acc2106c3a289058ab1fc9d510408027f2321bda8e209009b65c96dbbd0099f6
assets/foundation/04_GATE_PROTECTED/C1_M00_FOUNDATION_GATE_A_RC1.pdf,8876,323d142a30457adaa8aee310405b344637078551c0901204ab19ff5773b3a42b
assets/foundation/04_GATE_PROTECTED/C1_M00_FOUNDATION_GATE_A_REVIEW_PROTECTED_RC1.pdf,4715,7d533d652e9c5847c287dea42d3fdd992b1c5bf49c9a76fe022c50466b5157be
assets/foundation/04_GATE_PROTECTED/C1_M00_FOUNDATION_GATE_B_RC1.pdf,8921,ff68856683406123bf9d09c61caf675a740e80d7061c6c37750447aa36feacf0
assets/foundation/04_GATE_PROTECTED/C1_M00_FOUNDATION_GATE_B_REVIEW_PROTECTED_RC1.pdf,4706,df0ca28f814d5538d8ecefac6548601eb9ded2b087dc0af33f5898b5c458a0d0
assets/foundation/04_GATE_PROTECTED/C1_M00_FOUNDATION_GATE_C_RC1.pdf,9025,6a78d0ecff5775f41c3f13df57144186ba364d5ee9c6fe973caf4fbb319091aa
assets/foundation/04_GATE_PROTECTED/C1_M00_FOUNDATION_GATE_C_REVIEW_PROTECTED_RC1.pdf,4751,462a3c73775e99a771fee069ad413e7734ba65b991e70753da0f66dac7f0706e
assets/foundation/05_CONTROL/C1_M00_GATE_CONTROL_RC1.json,2195,8f615b8424a7901146f55237f9872e011a7efd01661227b38147b51230258af9
assets/foundation/05_CONTROL/C1_M00_MODULE_MANIFEST_RC1.csv,2303,337b8da85521f72c3f1a05186cc9c2506c95d063e0b832721123e472006dcad3
assets/foundation/05_CONTROL/C1_M00_MODULE_ROUTE_RC1.json,862,4f293ebc94c6be43a260ff9414513bfdeee34f3b18271446b65abc73dc4d9ee1
assets/foundation/05_CONTROL/C1_M00_QA_REPORT_RC1.json,11588,872a3f6e0fb89f97048849ed3272ad17348b029f6991fcf05b6c0d95a9a65118
assets/foundation/05_CONTROL/C1_M00_SHA256SUMS_RC1.txt,2061,dc508bdbbc072fb19075a115ea405caa162a537daae2506b036be925a0bd79e3
assets/foundation/05_CONTROL/C1_M00_SOURCE_ROUTE_RC1.json,445,f76963dc8c570ff6659cad416e2f895e5e77186f77891c9b8709e11078b288e7
assets/portfolio_hiring/C1_M11_BASELINE_DEFECTS_RC1.json,1927,81cbb59bb3bfbf46cbb11e80d4887de1e8bdc618374bd72eaabff620b9b12c90
assets/portfolio_hiring/C1_M11_CANONICAL_LESSON_REGISTRY_RC1.json,21213,4f0524833eb889797689d7406a59fe275716cd1e9205456ca47c7c07a64ae778
assets/portfolio_hiring/C1_M11_DATA_ANALYST_INTERVIEW_HIRING_HANDBOOK_RC1.pdf,7558,051a7265ee75c928fb76b26347fa52c906db0337ac2b7c3caf03a45835a6d272
assets/portfolio_hiring/C1_M11_INTERNAL_QA_READINESS_RC1_2026-09-11.json,1780,70d73b31921a4ba4c0d09d5d4a6a0aed5be5138a1e5ec0aee4e9efdb130054f8
assets/portfolio_hiring/C1_M11_JOB_APPLICATION_TRACKER_RC1.xlsx,28674,942aa0d9baec174b84febd6125f6a82459285ffc9d8924ff0ee4e5fac2c7ba23
assets/portfolio_hiring/C1_M11_JOB_READINESS_GATE_A_INSTRUCTIONS_RC1.pdf,3985,948c2d9d129a9f5ddcaa221c68453f74c71daab2f4521c6ddb2bc9b083895116
assets/portfolio_hiring/C1_M11_JOB_READINESS_GATE_A_PARCELFLOW_RC1.xlsx,12638,b25901b59a396ef05df03671fb34f4ad14ce94905f3469195775b3a952c10f5a
assets/portfolio_hiring/C1_M11_JOB_READINESS_GATE_A_PROTECTED_REVIEW_RC1.pdf,3770,8966de64b57168c1e12546214ab42a783952d10b799a6eccc47c06246ad7d3a5
assets/portfolio_hiring/C1_M11_JOB_READINESS_GATE_B_INSTRUCTIONS_RC1.pdf,4014,305bf24417f2fad76e23759e7a5009d5c9f5746ccb398ac0db1ddea2633673fa
assets/portfolio_hiring/C1_M11_JOB_READINESS_GATE_B_PROTECTED_REVIEW_RC1.pdf,3820,37c3ff60b9f5381b7d6d683ff70a6fd86113e812b37a28a3a13002068a5a5941
assets/portfolio_hiring/C1_M11_JOB_READINESS_GATE_B_RENEWNOW_RC1.xlsx,12609,0bf3178b120a27ee68b3d1ce47ba661778502ed792e25ade950067ed26e3baef
assets/portfolio_hiring/C1_M11_JOB_READINESS_GATE_C_CAREOPS_RC1.xlsx,12715,ed2bbc9404ca69ff069d0e8de71df15e6c95f29f7d41a95e2189316a4af8a9a1
assets/portfolio_hiring/C1_M11_JOB_READINESS_GATE_C_INSTRUCTIONS_RC1.pdf,3981,90d1fd1a847dfbc4590e8faa2e96fdd480341650dfb3b638a717681fe77e9e20
assets/portfolio_hiring/C1_M11_JOB_READINESS_GATE_C_PROTECTED_REVIEW_RC1.pdf,3776,d96aff464439993f0fe9c36414e27c8d0bb795ec4ed837dfb92308e92ee0ee81
assets/portfolio_hiring/C1_M11_JOB_READINESS_PROTECTED_CONTROLS_RC1.json,515,2d813fede5b598cd3fe4058d9d404310d2dded89ee1d8c0fec1dce143129490b
assets/portfolio_hiring/C1_M11_JUNIOR_DATA_ANALYST_RESUME_TEMPLATE_RC1.docx,37609,f85bbcda3aca2171494838cc8c15ba983fe6153c80f3bd625dce4c727d29fcc2
assets/portfolio_hiring/C1_M11_MARKETPULSE_FINAL_CAPSTONE_INSTRUCTIONS_RUBRIC_RC1.pdf,5245,312ece39f35547a8b7a24bc4e06913efd5b563bc34dc5b5e587b98aaeea79186
assets/portfolio_hiring/C1_M11_MARKETPULSE_FINAL_CAPSTONE_PROTECTED_REVIEW_RC1.pdf,6821,3aa315f2c6b1125d1e5797400bff92d38aa0f43fc10e9a27b7765d4094480fbb
assets/portfolio_hiring/C1_M11_MARKETPULSE_FINAL_CAPSTONE_RC1.xlsx,27895,6be589d680c6490889715c9161ff716dcf4f76b1c8322015e53880e0d9077dbc
assets/portfolio_hiring/C1_M11_MARKETPULSE_PROTECTED_QA_CONTROLS_RC1.json,1120,075a174c5a24807d556a800e6d35014ba58230b83f4218da8e54871fba26c8d8
assets/portfolio_hiring/C1_M11_MODULE_QA_REPORT_RC1.pdf,6900,f557e69db17b0f42bd74fafae4f8f4a9705b8230f1648f6d93703d86ac491b4a
assets/portfolio_hiring/C1_M11_PORTFOLIO_BUILDER_RC1.xlsx,11752,38d64a14ed1c6b21c61fffc5b8990a8755e89c7a3019d389082118a0aa1ff952
assets/portfolio_hiring/C1_M11_PORTFOLIO_CAPSTONE_HIRING_BEGINNER_FIRST_LEARNER_BOOK_RC1.pdf,103365,7d1a3ea9be6f7f1760185428550e5934822e7f6be6fe330108c88341a87c89b4
assets/portfolio_hiring/C1_M11_PORTFOLIO_CAPSTONE_HIRING_CANONICAL_PRACTICE_WORKBOOK_RC1.xlsx,30197,ee0514f739d2c8b33794c0a83068d462054b8344090a867464fd63b44a4f7ffe
assets/portfolio_hiring/C1_M11_PORTFOLIO_CAPSTONE_HIRING_PROTECTED_PRACTICE_REVIEW_RC1.pdf,28525,66747b832e84c5b7568efff229ba355d94cd653c55b87c28a54675a6d5794c16
assets/portfolio_hiring/C1_M11_PORTFOLIO_CAPSTONE_HIRING_TARGETED_REPAIR_CARDS_RC1.pdf,8120,8ffe1ea8284f7645a64b8071dcacd2f153aad96d327124428c07c7cd83111fb2
assets/portfolio_hiring/C1_M11_RESUME_LINKEDIN_CREDIBILITY_CHECKLIST_RC1.pdf,3309,1d47b0bf68736c155408782e80af22930801c09f8361d1eb7d703c216d2ac9bd
assets/portfolio_hiring/C1_M11_RUNTIME_AND_METRIC_QA_RC1.json,3741,3736fa63cdec0c9acecb6af21d2493534ce655a34f37a8fe5c60fdb6f7b02a1c
assets/portfolio_hiring/C1_M11_SOURCE_VIDEO_REGISTRY_RC1.csv,5161,976e0277cfbd197db58e9c24d290d4fc6df46c06d1b2064fe183340fefa365c6
assets/portfolio_hiring/C1_M11_STATIC_QA_RESULTS_RC1.json,28412,dc41e080684a619379d014b6e18a0c7cf4cf9e8c916ce948710d28d7f0e90926
assets/portfolio_hiring/C1_M11_WORKBOOK_FINAL_QA_RC1.json,3855,4da8005095dd897a209b1db66ecf274bb3c0e2860dc340404f5fcff29626a1cb
assets/portfolio_hiring/GITHUB_TEMPLATES/DATA_README_TEMPLATE.md,580,c2f8f522d83eebd09016c024e418d5823642221f4347e49558eb29af07d1f80c
assets/portfolio_hiring/GITHUB_TEMPLATES/PROFILE_README_TEMPLATE.md,734,c7fffa147235a479f5cd6e294bb5b4e770886bd4a776f01971c8ea0774c2d624
assets/portfolio_hiring/GITHUB_TEMPLATES/PROJECT_README_TEMPLATE.md,1211,c436459185ea6b3e6478afa895bb1d6dff4accc75fbaf4b76314aedcb0f15064
assets/portfolio_hiring/GITHUB_TEMPLATES/PROJECT_WALKTHROUGH_TEMPLATE.md,828,ed93ef29c3f703b81c523761e9e7b91bbfa859b1f20f7acfa240e6d71a6b595b
assets/portfolio_hiring/MANIFEST.csv,4926,ac6a0614843e585e771644b3218ca00e7f099970f8f291304784ce7482c09a2c
assets/portfolio_hiring/SHA256SUMS.txt,4161,c3bb582a5a1c5e2d56bed1ff53535e033624bc9b7403ae575333afe4a6a93d4c
assets/portfolio_hiring/START_HERE_RC1.txt,1940,f865dba7ded0200b491e3935deed2b5fd319318ee5e70123ec96eda37ac8a20a
assets/powerbi_modeling/C1_M05_CANONICAL_LESSON_REGISTRY_RC1.json,14274,7372ae6793b49572e8c47f71d42e3f005ce7a9dd012a157db9c4c33d472eaf34
assets/powerbi_modeling/C1_M05_INTERNAL_QA_READINESS_RC1_2026-09-10.json,1755,3b974fbb8717d01621c7b9ff79522e78a17c210384a8256b14211de4dcdac97e
assets/powerbi_modeling/C1_M05_MODULE_QA_REPORT_RC1.pdf,8068,624e2845fc15b0888f052b5fe5e15070c0a1995e0eef3cca919bc9b91a57e2df
assets/powerbi_modeling/C1_M05_POWERBI_MODELING_BEGINNER_FIRST_LEARNER_BOOK_RC1.pdf,68967,7d93aed045a1053ac1b2d64c24c08741b74ecf6cad1b67b2edc6f5d24c1df390
assets/powerbi_modeling/C1_M05_POWERBI_MODELING_GATE_A_DATA_RC1.xlsx,19028,3e836c4e1bd78a0de69680e7cec752d4034442bbbd98ae46182ee2b9f45c28d1
assets/powerbi_modeling/C1_M05_POWERBI_MODELING_GATE_A_GUIDE_RC1.pdf,4340,64a9c7810792c512a3884b4c37c959db2e544f0df09b4c680c1eda025452ae39
assets/powerbi_modeling/C1_M05_POWERBI_MODELING_GATE_A_PROTECTED_REVIEW_RC1.pdf,3741,cdec4303648db3ecb8d93ba431695214a999cb53e2a7613851783471be5c5ee8
assets/powerbi_modeling/C1_M05_POWERBI_MODELING_GATE_B_DATA_RC1.xlsx,18790,bf6acdbe0ddec6dbe741c8632e7614df8b061490790fccf746a07b0c194ddfc4
assets/powerbi_modeling/C1_M05_POWERBI_MODELING_GATE_B_GUIDE_RC1.pdf,4348,cbae4beb10d4bc27576fd398d3ce375bab9ce9fe0516f862e040d89c22163e51
assets/powerbi_modeling/C1_M05_POWERBI_MODELING_GATE_B_PROTECTED_REVIEW_RC1.pdf,3740,03e26553ff01f8062277cc3323ebce96c4e4443f6540070acee3fc1220d47d3b
assets/powerbi_modeling/C1_M05_POWERBI_MODELING_GATE_C_DATA_RC1.xlsx,19141,8fc0724120b6ee6d5a148a1c7643d27d68c77fc2627d30b395d618ff78840b69
assets/powerbi_modeling/C1_M05_POWERBI_MODELING_GATE_C_GUIDE_RC1.pdf,4325,aafb79bd9d190fac1392da1a5d3ace851f7bd8f2694ea92c60fd66bec40cdd1b
assets/powerbi_modeling/C1_M05_POWERBI_MODELING_GATE_C_PROTECTED_REVIEW_RC1.pdf,3741,a2e60b10a7d00e93ce9ab2a3c1548090c3b4b6c0fadaa32506ea6369c048453e
assets/powerbi_modeling/C1_M05_POWERBI_MODELING_PRACTICE_DATA_RC1.xlsx,19684,13e775be9319627b4e95dc42b8b83d3ef0a26f4d0828cafb5a6f3a19c5fea7a5
assets/powerbi_modeling/C1_M05_POWERBI_MODELING_PRACTICE_GUIDE_RC1.pdf,15885,6e0720d4bd3d65ca6fcccced7808c1250dffcff06a817d4efc9481ed592c5bdc
assets/powerbi_modeling/C1_M05_POWERBI_MODELING_PROTECTED_PRACTICE_REVIEW_RC1.pdf,18209,16e7ba86b5d976c1a171f53e0472dd81ef018464b188452115cce0a5f242eac2
assets/powerbi_modeling/C1_M05_POWERBI_MODELING_TARGETED_REPAIR_CARDS_RC1.pdf,5844,d389e252c7143a3597daad7b54a6072c2102eaec94fcc2d8648ebe80637d01f5
assets/powerbi_modeling/C1_M05_PROTECTED_METRIC_RECOMPUTATION_RC1.json,4462,dfe2852b118f9ab94c69877176dc057f04372ac0d21dbcd2561ac69436e3a8df
assets/powerbi_modeling/C1_M05_SOURCE_VIDEO_REGISTRY_RC1.csv,6353,266a6a858ccec2c76c4569e98a70b552e123a9ee2c5153bf2b6144e04f3205ad
assets/powerbi_modeling/C1_M05_STATIC_QA_RESULTS_RC1.json,21037,fa02692c36f2bd50313513922feefe2327ab6e639bf4006c2774c5c1ec357970
assets/powerbi_modeling/MANIFEST.csv,2754,3851f8c758ba61c68af30a61590d5f832303f7113ba3754acd9bbddfcd6112b1
assets/powerbi_modeling/SHA256SUMS.txt,2429,c83579c3dfd5c31f78528caae02d3506cf3797295578c69f39c09cb2dd030f88
assets/powerbi_modeling/START_HERE_RC1.txt,1794,704ddbbe7ff37ab0e2b9548afa3932972ceb050971e51a1edf6059bd82deb82e
assets/powerbi_reporting/C1_M06_CANONICAL_LESSON_REGISTRY_RC1.json,18080,72e475b413ce299101d9d53360c95987bd13f5579aa654c80c81fe7bfd9e1fb3
assets/powerbi_reporting/C1_M06_DAX_MEASURE_PATTERNS_RC1.txt,2421,6242629c79c938f840b22e974222cd24d40885be2e45a5988870b6d4d30109f9
assets/powerbi_reporting/C1_M06_INTERNAL_QA_READINESS_RC1_2026-09-10.json,1671,61e6150828dbefa9b10b556317721ef9c288de063463dee4a3b59078c2dd1453
assets/powerbi_reporting/C1_M06_MODULE_QA_REPORT_RC1.pdf,8501,1f656ce99b6ae4a7d65e0d289fdc5e401fe168241c40294933eaa75e538ae0e8
assets/powerbi_reporting/C1_M06_M_PBIR_INTEGRATED_REPORT_PROJECT_RC1.pdf,6308,dfce96f8a7f136429de135680670b3e4409db1160e7d98055fb5232c9a8e5213
assets/powerbi_reporting/C1_M06_POWERBI_DAX_REPORTING_BEGINNER_FIRST_LEARNER_BOOK_RC1.pdf,92002,79dd7e57c8765b0656ec61c0dbeb14c921681fed4ac30bcad310a6cdeb1e9c89
assets/powerbi_reporting/C1_M06_POWERBI_DAX_REPORTING_GATE_A_DATA_RC1.xlsx,46630,53a609d42d8a44851c17ad8adb0b9dda57a9d4f67d16a524c64f08f00beb5a83
assets/powerbi_reporting/C1_M06_POWERBI_DAX_REPORTING_GATE_A_GUIDE_RC1.pdf,5711,84a4678e23a2533e7c26d3e5bee159903527c7add9fb1c790640f945bb12700b
assets/powerbi_reporting/C1_M06_POWERBI_DAX_REPORTING_GATE_A_PROTECTED_REVIEW_RC1.pdf,3958,141aca46fb7cf68151b6472f0f7444c6c1a10c7aa366f94305832b0752f9c760
assets/powerbi_reporting/C1_M06_POWERBI_DAX_REPORTING_GATE_B_DATA_RC1.xlsx,44176,cfb9ff98711515c3206c75d003981d0c42d0c88495f81536d430aeafd01e2c4b
assets/powerbi_reporting/C1_M06_POWERBI_DAX_REPORTING_GATE_B_GUIDE_RC1.pdf,5730,e1a43c8f2a11c3d1fce241126a916681aed623dc09684df95233973ecbfd292e
assets/powerbi_reporting/C1_M06_POWERBI_DAX_REPORTING_GATE_B_PROTECTED_REVIEW_RC1.pdf,3934,9d0f6ef9c0bbb8236350575a1022cf66fa8103d3e967ca8eb63074cdd4772929
assets/powerbi_reporting/C1_M06_POWERBI_DAX_REPORTING_GATE_C_DATA_RC1.xlsx,47665,256e5a96e0d3c995207184d4ac0b5c58597c7aed14f7ef2669383387a30b89c1
assets/powerbi_reporting/C1_M06_POWERBI_DAX_REPORTING_GATE_C_GUIDE_RC1.pdf,5714,f5af2cb1ebdb0ae22cd4fd35dd56a0525334c8eb6d6b7dbc19a0558be6d1e0e1
assets/powerbi_reporting/C1_M06_POWERBI_DAX_REPORTING_GATE_C_PROTECTED_REVIEW_RC1.pdf,3951,7cb7943c9af8eed923594981164cdb7f98d387f6b94c3ae3a5d38aba91c2e32a
assets/powerbi_reporting/C1_M06_POWERBI_DAX_REPORTING_MASTERY_TRACKER_RC1.xlsx,4824,6f85c533a9aad1451a9ec159920773506b07e0bc720d6d685d65e9ecb1850620
assets/powerbi_reporting/C1_M06_POWERBI_DAX_REPORTING_PRACTICE_DATA_RC1.xlsx,52503,331ed79bab7242156cebf726a855f8244a92d9b939a6266a21e5f1bad588759a
assets/powerbi_reporting/C1_M06_POWERBI_DAX_REPORTING_PRACTICE_GUIDE_RC1.pdf,20305,48529b27404cc20c004cee8b0c0cdbb55aea757222482a728f5981a604bc743a
assets/powerbi_reporting/C1_M06_POWERBI_DAX_REPORTING_PROTECTED_PRACTICE_REVIEW_RC1.pdf,22625,5100104533afdf9d7e49c2cc7910e015a905cf3d6f864aea38e273a9d4fb2e03
assets/powerbi_reporting/C1_M06_POWERBI_DAX_REPORTING_TARGETED_REPAIR_CARDS_RC1.pdf,6706,a7e36eab63a5d9b384ebc2c7ff3e5b1a8e74a3788401800f7ba7ea84d9439f0f
assets/powerbi_reporting/C1_M06_PROTECTED_METRIC_RECOMPUTATION_RC1.json,4947,b791a5e114dc1973a040afe8535e32b5c981d18c687f8af42b2c7df940611481
assets/powerbi_reporting/C1_M06_SOURCE_VIDEO_REGISTRY_RC1.csv,6117,20f06cdc06a16759e6bfea4382ef05fc89e95a07a44a43784331cab17d51a221
assets/powerbi_reporting/C1_M06_STATIC_QA_RESULTS_RC1.json,23863,5a4ec5f85480a35a87655fab3531cadfad38ef8be0b7004a2b187a0c01c16b1a
assets/powerbi_reporting/MANIFEST.csv,3233,9f171996558bc9220f5709cf788f7022a6bb4f64fa32309368438cebacac8533
assets/powerbi_reporting/SHA256SUMS.txt,2835,044bd1fd8b4fdf9171695cb1d5f695f7b1fb9995e368d9dca5065497efda7eb4
assets/powerbi_reporting/START_HERE_RC1.txt,2107,19b96a2684e781f57797e2a2471dc9be7e56b3c057443cfd4d07117b029a782d
assets/python/C1_M07_CANONICAL_LESSON_REGISTRY_RC1.json,20191,8ba18b1697850d74f4a54bb1e033100d23ede593c00925dfea436c9af8cdf22b
assets/python/C1_M07_INTERNAL_QA_READINESS_RC1_2026-09-11.json,1633,4fd4fa9fc7ed671fafc9a887ba2d146147d48de4c7583043d4eb3677ad2f2083
assets/python/C1_M07_MODULE_QA_REPORT_RC1.pdf,8029,d75d9bd0d766c12f954f3caa6ec28801c993a39ecfbb55c96f566366da8e915c
assets/python/C1_M07_PYTHON_FOR_ANALYSTS_BEGINNER_FIRST_LEARNER_BOOK_RC1.pdf,99754,63f482d56854e4a154752b2301f3bd0f1efef546640f8240b9265f64bd08f7d1
assets/python/C1_M07_PYTHON_FOR_ANALYSTS_CANONICAL_PRACTICE_NOTEBOOK_RC1.ipynb,28673,3d3eef29939304be12f1461ff4229976252379f1f8753156413d3500a0ce0efb
assets/python/C1_M07_PYTHON_FOR_ANALYSTS_PROTECTED_PRACTICE_REVIEW_RC1.pdf,26911,4c157bed8c4e9ded3538397d4de0b83d9f3db19d3ef1e637c184a516b0b5c1d2
assets/python/C1_M07_PYTHON_FOR_ANALYSTS_TARGETED_REPAIR_CARDS_RC1.pdf,6911,c4994c760362a8773b0a36731ca0d28f58ad80cb23f4f8ce5cee63d5bfb42c81
assets/python/C1_M07_PYTHON_GATE_A_PROTECTED_REVIEW_RC1.pdf,5664,51a6f0689141f5e952b162be3dbf76d93c7e0b1e5d2c6dc09437fc35461edbea
assets/python/C1_M07_PYTHON_GATE_A_RC1.ipynb,4468,2223dfced067a10537f4818acb79223dab86f32715faa177ca6703a8a97daaee
assets/python/C1_M07_PYTHON_GATE_B_PROTECTED_REVIEW_RC1.pdf,5643,6b0b664274958ee7ac9a6dbda9390e9b3d2e0d506fd676262565af1f5abbb112
assets/python/C1_M07_PYTHON_GATE_B_RC1.ipynb,4506,e0d9af4c4d633f2f57be092b9fb2a6b94fdfee3b8e02f53be0df44a62fe23d4c
assets/python/C1_M07_PYTHON_GATE_C_PROTECTED_REVIEW_RC1.pdf,5630,4f397d611ee64e2d67b210b033a744c15211f96e68f1c6b623a0b13e97d66719
assets/python/C1_M07_PYTHON_GATE_C_RC1.ipynb,4501,949e8ceea259e326405684300b6eb0ab934fc881ac79d3b31c763851703b7e56
assets/python/C1_M07_RUNTIME_AND_SOURCE_QA_RC1.json,9239,4797f131f4578acf06ca68c43a922722638e839ae73ae69a90ae6c8114030284
assets/python/C1_M07_SOURCE_VIDEO_REGISTRY_RC1.csv,5294,10fbaf6684da774d795cc6c6f3b8bde7049a2d61dae8e0d0ac2317cea659a346
assets/python/C1_M07_STATIC_QA_RESULTS_RC1.json,20406,a2fdbce0cad20df49df21749e74fae46cc93a756d2d25e903501d7d127f0b2af
assets/python/Gate_Data/Gate_A/agents.csv,231,4edf69611eda59d2c3df85b772044b9e78512a2758babd7074cd6f5a5e67bd00
assets/python/Gate_Data/Gate_A/tickets.csv,9476,98a988d5812404f8c97d5edd2e35d4276ce6fbbfa7ca0b295ee330f084dd93c9
assets/python/Gate_Data/Gate_B/deliveries.csv,9522,68e2ac2c856e12010c54606644cc45f68ba157c509b5fb818b18458f08dfa960
assets/python/Gate_Data/Gate_B/partners.csv,145,33f493c43486595464dd63f258e4a01e33269e3c59697565951521cf2d5e6881
assets/python/Gate_Data/Gate_C/plans.csv,163,154f3e179bcee5995d0d76566d3bae993ccd55e21aec72665c25e9092b90a334
assets/python/Gate_Data/Gate_C/subscriptions.csv,5299,5b252c907b8066eb7b1f2a90bc8ffb1f1695bbca2e6a7f862bdc606ea2d7f7ab
assets/python/MANIFEST.csv,3418,aba638ef4ca4cb409f2e3a43ebbfaac032ddc771aa9d89bd23c15e8b51b80359
assets/python/Practice_Data/customers.csv,529,ddd336e60e398a1ffe944302b860a97e6c18aa9cb40d7d2a8769d7f6c9fa7b35
assets/python/Practice_Data/products.csv,344,bedb4efe6d9d99ab0aca0662dd61b22b382e7ed2527830bc1e8466d3dc5e712b
assets/python/Practice_Data/region_targets.json,244,ee4f0593bf62e60a5755c43f52a22544bd92c99e7d4bd75e81669e4a7b7790a1
assets/python/Practice_Data/returns.csv,490,75ec658deccab6bce495da3f94ac141e2eca377ceef3667d376835863cc9c8e4
assets/python/Practice_Data/sales.csv,11826,06481a491d54e83a2f61e4f6e936ac64c3768b52c509b238c8ad36da8b0f4ec1
assets/python/SHA256SUMS.txt,2975,5685e90f5fba21822b52e93d7bd647d2167e2a8d06dd412e6a9a009d221b5ca2
assets/python/START_HERE_RC1.txt,2021,151c35f4f67a4a6dfc3853b88c054e9f679eb9a77f0cc9e2843dfae2e0ed6885
assets/sql_analysts/C1_M04_CANONICAL_LESSON_REGISTRY_RC1.json,17130,4b4186f685c7b57052e2c6617f060a570fca6248f32efa42603b12bd68ca081c
assets/sql_analysts/C1_M04_GATE_FIXTURE_RECOMPUTATION_RC1.json,2327,8af7506e02fa017518d00d8af78d9d647926fa89fd5d704eede57e867e512fcb
assets/sql_analysts/C1_M04_INTERNAL_QA_READINESS_RC1_2026-09-10.json,1591,7aa5cbbf0502eb084bcdb946e69a0df05e67fc5c5e8bf783c011a72b941e7ce1
assets/sql_analysts/C1_M04_MODULE_QA_REPORT_RC1.pdf,8310,5708c41fdd431aa0ec0fc84f936486b86bb67b67e9ffafa42264d8ecab46fa01
assets/sql_analysts/C1_M04_SOURCE_VIDEO_REGISTRY_RC1.csv,4335,aa0587ff6652fb003d998bc64b8dd377bd227ea6a6cc1af19d9874ca4cfbd92b
assets/sql_analysts/C1_M04_SQL_FOR_ANALYSTS_BEGINNER_FIRST_LEARNER_BOOK_RC1.pdf,81805,878143a4900ae937439c6cfa9802d4b7eceb2d2268ab87537dcbc7717aa9293d
assets/sql_analysts/C1_M04_SQL_FOR_ANALYSTS_EVIDENCE_LOG_RC1.xlsx,7386,32d121883e8e80f77b5681c123e198c59d7bc4ce01b017a458eaedfc6f3eb49f
assets/sql_analysts/C1_M04_SQL_FOR_ANALYSTS_GATE_A_PROTECTED_REVIEW_RC1.pdf,6344,4cf8b2d038c9cce6af14dc3803cab578912abc7a7fed9cfd6478f61bca1b2065
assets/sql_analysts/C1_M04_SQL_FOR_ANALYSTS_GATE_A_RC1.sql,9341,b2c087e54f62158387b71c37f3e2016fe969d5621dba1555794fdb879a3c2750
assets/sql_analysts/C1_M04_SQL_FOR_ANALYSTS_GATE_B_PROTECTED_REVIEW_RC1.pdf,6333,155b2b8a5212bd5baefe4ad65f732bf4fffc3258d68ab02b095733b9b0b3c270
assets/sql_analysts/C1_M04_SQL_FOR_ANALYSTS_GATE_B_RC1.sql,9317,28bcb6b4c5e6c57c9359c6a588bd55c990391badca32979402acb0b921a23bbe
assets/sql_analysts/C1_M04_SQL_FOR_ANALYSTS_GATE_C_PROTECTED_REVIEW_RC1.pdf,6403,df813413b1237861ae9630c276f053b65e5588434a6680bb54274a5de42fa101
assets/sql_analysts/C1_M04_SQL_FOR_ANALYSTS_GATE_C_RC1.sql,8975,0188d5cb26b7da4fbf65f760a3a81c6c5d3b76d0422967e2ccc4ed56e7681be8
assets/sql_analysts/C1_M04_SQL_FOR_ANALYSTS_LAB_SETUP_RC1.sql,7982,c6d1ad1fa2bd0ada9d596090f491eb434d594e2ca2c4af7f84c16edd59d1dfa0
assets/sql_analysts/C1_M04_SQL_FOR_ANALYSTS_M_SQLA_PROJECT_RC1.sql,3878,a45b54e8f5d41130d743aca2e45556e33bea380ce95ad101fe14404b84143538
assets/sql_analysts/C1_M04_SQL_FOR_ANALYSTS_PRACTICE_TASKS_RC1.sql,9070,f37b1063213f795aa8715a09646184ee99026f0292794fcb37187acbd8c17b31
assets/sql_analysts/C1_M04_SQL_FOR_ANALYSTS_PROTECTED_PRACTICE_REVIEW_RC1.pdf,20852,b4a180509fd292e26b7bf6a49510fbd8b4ef5c045780a85350bfa61996222f78
assets/sql_analysts/C1_M04_SQL_FOR_ANALYSTS_TARGETED_REPAIR_CARDS_RC1.pdf,7197,06f5e96d2fe0ad9f2aa6ece540096869a8a0555e0ec5f79fc087f87555327ace
assets/sql_analysts/C1_M04_STATIC_QA_RESULTS_RC1.json,22494,7a31542d14a0057be29d488067c53fc288947a1136a7343f2dccfa8d5fc4e67f
assets/sql_analysts/MANIFEST.csv,2608,2e56931a9f1ff3a88072f483c58ff6bc7497863b7f9e96e3168b0144dffd6d8d
assets/sql_analysts/SHA256SUMS.txt,2294,ac049f02d3f1290250078e62868c7de93e1114d5fae12069c47d30b5229a45e3
assets/sql_analysts/START_HERE_RC1.txt,1823,a231f8d3f0ddc72380e428a0b56d458e58afbc32362da279069023fa1c48df3d
assets/sql_foundations/C1_M03_CANONICAL_LESSON_REGISTRY_RC1.json,14166,1307183870722225fa8dafcc2c3a831e0a617291985397c143e3d35027202d1c
assets/sql_foundations/C1_M03_INTERNAL_QA_READINESS_RC1_2026-09-10.json,1651,8639caa0b670bad4c00a1d81d101b9929186a0cf2b33e00b5e164a43896aa6e0
assets/sql_foundations/C1_M03_MODULE_QA_REPORT_RC1.pdf,8252,4d83ab7bc6297bf85cc22ffe36e346e2d16d8d5412cb19ddb6f74cd204abd53d
assets/sql_foundations/C1_M03_SOURCE_VIDEO_REGISTRY_RC1.csv,5556,8a95f7c2378a8837a9b168aa02a43e3c0c3371d7cdace8b73ad08e05badd7252
assets/sql_foundations/C1_M03_SQL_FOUNDATIONS_BEGINNER_FIRST_LEARNER_BOOK_RC1.pdf,73072,6be40f3820ea3f6248a78ce830a9a2794db9d79f61818e78fd280fcd1b47e1b0
assets/sql_foundations/C1_M03_SQL_FOUNDATIONS_EVIDENCE_LOG_RC1.xlsx,7035,ed714604ddebdd61ff0a29d355d2bcc481a8458ff9dbaf40ad6928d5e4c2ed46
assets/sql_foundations/C1_M03_SQL_FOUNDATIONS_GATE_A_PROTECTED_REVIEW_RC1.pdf,8400,3c56347a3917788b39e52221f125a5bbd68ea72d660fa2950d2df886655ab51a
assets/sql_foundations/C1_M03_SQL_FOUNDATIONS_GATE_A_RC1.sql,6240,d48d115b13bd1d7b3ae01681ad49346a33db6925d4a37d573b452f41a538c01a
assets/sql_foundations/C1_M03_SQL_FOUNDATIONS_GATE_B_PROTECTED_REVIEW_RC1.pdf,8381,f30b5a4c822cd30e14da594bcf588c257ea7f23a1f277ef041fa616217aeb347
assets/sql_foundations/C1_M03_SQL_FOUNDATIONS_GATE_B_RC1.sql,6611,98b8c39c89711420a73cde55831c00fa3eb6af152e4cdc68f8172cb414d5e458
assets/sql_foundations/C1_M03_SQL_FOUNDATIONS_GATE_C_PROTECTED_REVIEW_RC1.pdf,8408,d84327911d52830e3207650bc7c8d08f4aeacbde111bb084820c0e08174c00f2
assets/sql_foundations/C1_M03_SQL_FOUNDATIONS_GATE_C_RC1.sql,6992,51a3e48d1f2edcbd595c694a7ba443a53938c5112c40873d1b905523e0b82182
assets/sql_foundations/C1_M03_SQL_FOUNDATIONS_LAB_SETUP_RC1.sql,6760,8eb18d131cc4849641172c9a50c100ccc97abb844f45ec0fc74b07f742f1b3ca
assets/sql_foundations/C1_M03_SQL_FOUNDATIONS_PRACTICE_TASKS_RC1.sql,10389,2d455f8d588be5f7ec7b5ce17b0ca0ead80472f45e9eeeb227c5cefc798bda28
assets/sql_foundations/C1_M03_SQL_FOUNDATIONS_PROTECTED_PRACTICE_REVIEW_RC1.pdf,18928,1b3bd5df203e536da5d5b9eca3df181caeb83937cdf85355ed78c1243495ffe3
assets/sql_foundations/C1_M03_SQL_FOUNDATIONS_TARGETED_REPAIR_CARDS_RC1.pdf,5818,cab3723f18b6ab99bc5b20e66971975aa1131b2f8cc320c325ba59f26777507b
assets/sql_foundations/C1_M03_STATIC_QA_RESULTS_RC1.json,14732,2445f349c5ae09a558ce5caa0747d09d434c04c7930a2962060843307dd1a0a1
assets/sql_foundations/MANIFEST.csv,2315,eb799901ab69d8199fde4f958c9fa31dc14dbe9ce426659a052dcb9d94c93c2c
assets/sql_foundations/SHA256SUMS.txt,2060,fb3d43c95bbb898fbdcbef5eabe2135d4081180157de0f472e7305d65fc2fc6a
assets/sql_foundations/START_HERE_RC1.txt,1608,ebe35e88e593edf5770ee6e9cd99b015cf5b7c4659a0277c553ed9ae74515dbd
assets/statistics/C1_M08_CANONICAL_LESSON_REGISTRY_RC1.json,15909,6505670f8e91e72bf96b4865efd586e5f107c0bce7d5a7d6004d6bf89a3f451b
assets/statistics/C1_M08_INTERNAL_QA_READINESS_RC1_2026-09-11.json,943,7b9935f0b21ac1c83f2414abdb1b6baef657dd66a8e9bed59ed7d88df61368de
assets/statistics/C1_M08_MODULE_QA_REPORT_RC1.pdf,6682,69800ce9f0e789ff39e6d34c2ddce0e79fb66a041ffdd1256e60c149fd1954d9
assets/statistics/C1_M08_RUNTIME_AND_METRIC_QA_RC1.json,7187,bceedfaaedd24deeb468de1f9c4d1d47cfbe688e073b70452f59848b41b5c057
assets/statistics/C1_M08_SOURCE_VIDEO_REGISTRY_RC1.csv,4011,b25c833fcc384334fc8ed9dedd978e0c54cbd9b13963d31a566b02870e6236a6
assets/statistics/C1_M08_STATIC_QA_RESULTS_RC1.json,20137,3306c93380474721b856826677c268c51737b431d1b0bdf6d894b7ab0f27d61e
assets/statistics/C1_M08_STATISTICS_BEGINNER_FIRST_LEARNER_BOOK_RC1.pdf,82447,ee3956e6fd70b8d8819184d3e906baf1d64a6d564bcf682a6ecd2d76edb89801
assets/statistics/C1_M08_STATISTICS_CANONICAL_PRACTICE_WORKBOOK_RC1.xlsx,59229,d0ecdb74647fafa8f7e4478955fcaed25eea9302adfbfe588b6dc9d4af1924c1
assets/statistics/C1_M08_STATISTICS_GATE_A_CHECKOUT_RC1.xlsx,52655,5c09a677d5e34212e8d8b337726b5335051e1add6ede363abd71d88455f1dc87
assets/statistics/C1_M08_STATISTICS_GATE_A_PROTECTED_REVIEW_RC1.pdf,3987,9e6c866727bd2eeed0ee57f1813cffe17f8fb1fa84cde9cd7f8c7ed689ac8606
assets/statistics/C1_M08_STATISTICS_GATE_B_EMAIL_RC1.xlsx,50880,7cb5eb2329416bda708ea4b85aff0efedf622d993bce848e5977cf3e431ecfdf
assets/statistics/C1_M08_STATISTICS_GATE_B_PROTECTED_REVIEW_RC1.pdf,4009,fc30968ac4d872996876019af564cf9fbc81c0967e3808534c868835cb55d89f
assets/statistics/C1_M08_STATISTICS_GATE_C_ONBOARDING_RC1.xlsx,59384,aac6e2ce7dca083cea1ed7c91094ab8fd882aca425220349a97ae1853a68ae09
assets/statistics/C1_M08_STATISTICS_GATE_C_PROTECTED_REVIEW_RC1.pdf,3984,cc9cfd488954fc2380297802efe37a42cd87187dea1da622f75585d94346c3ad
assets/statistics/C1_M08_STATISTICS_PROTECTED_PRACTICE_REVIEW_RC1.pdf,21244,dcd056548033e7e4e673c66a5a44453cc77229d5daf182020e47482c2c1edec1
assets/statistics/C1_M08_STATISTICS_TARGETED_REPAIR_CARDS_RC1.pdf,6983,7a19d9515adeeb9365e5e6e2c29cd55ff8e1c6122faa0c0cef0913b1f349c368
assets/statistics/C1_M08_STATISTICS_VISUAL_SIMULATION_NOTEBOOK_RC1.ipynb,9350,f74a1cd78c57b6646543699a1c91f6d670351f4448931f34f1b87f83d6ce63a7
assets/statistics/C1_M08_WORKBOOK_FINAL_QA_RC1.json,27092,e72216473de17ded5f0200327d744db46b5628352bee25f0506fe080d45d3919
assets/statistics/MANIFEST.csv,2483,a00c44165322e62c4b4d91469570209135c1f3a51b0edeea808c8f9b35572685
assets/statistics/SHA256SUMS.txt,2160,64df91cd26a4924c5b7a1716aa6d244a31aa8abdbfd84f3ce862bd80579f9adf
assets/statistics/START_HERE_RC1.txt,2062,895555d861ad020e8bfb1a5420612d09f539d81448829ebf9e6fa0ac5d8afb26
course-routes.json,19396,9ccd28c3572d7e201a99652960fb5988e0eeac2c2d6614d7a2872a088822f4b0
curriculum.js,66042,b48490636468ac6e8906bad41466e01e2d5409f3121818f9129e0c50293d356e
icon-192.svg,1344,b8af374356b29385385f12e74f624027324f08f463272666b52ed652c6069328
icon-512.svg,1344,b8af374356b29385385f12e74f624027324f08f463272666b52ed652c6069328
index.html,81352,6f341eee52a5cff294fbbf657120421f39a4bfda465170d19e70182e13f7387e
manifest.webmanifest,605,af4206979a9359b2ec02bf5fc99d67e51fec8e6836833fe5d968207903043c43
module-package-provenance.json,2290,143c434941e03807c2488baa59bb6288f104e14b870a5b9b6aa6530a6a0f0098
service-worker.js,925,d61908547c865e796497fbd5971ea0762fe1d4f36d2243a2642e6e6b3db1ab03
