phase_id,phase_name,lesson_id,lesson_title,teaching_book,book_exists,book_pages,lesson_page,page_valid,practice_label,practice_paths,practice_all_exist,review_path,review_exists,repair_path,repair_exists,source_count,source_urls,source_urls_complete
foundation,Foundation,O1,How This Course Works,assets/foundation/01_LEARN/C1_M00_FOUNDATION_BEGINNER_FIRST_LEARNER_BOOK_RC1.pdf,True,34,6,True,O1,assets/foundation/02_PRACTICE/C1_M00_FOUNDATION_BEGINNER_FIRST_PRACTICE_BOOK_RC1.pdf | assets/foundation/02_PRACTICE/C1_M00_FOUNDATION_EVIDENCE_LOG_RC1.xlsx,True,assets/foundation/03_REVIEW_PROTECTED/C1_M00_FOUNDATION_PRACTICE_REVIEW_PROTECTED_RC1.pdf,True,assets/foundation/03_REVIEW_PROTECTED/C1_M00_FOUNDATION_TARGETED_REPAIR_CARDS_PROTECTED_RC1.pdf,True,0,,True
foundation,Foundation,O2,"Files, Folders and Safe Data Handling",assets/foundation/01_LEARN/C1_M00_FOUNDATION_BEGINNER_FIRST_LEARNER_BOOK_RC1.pdf,True,34,9,True,O2,assets/foundation/02_PRACTICE/C1_M00_FOUNDATION_BEGINNER_FIRST_PRACTICE_BOOK_RC1.pdf | assets/foundation/02_PRACTICE/C1_M00_FOUNDATION_EVIDENCE_LOG_RC1.xlsx,True,assets/foundation/03_REVIEW_PROTECTED/C1_M00_FOUNDATION_PRACTICE_REVIEW_PROTECTED_RC1.pdf,True,assets/foundation/03_REVIEW_PROTECTED/C1_M00_FOUNDATION_TARGETED_REPAIR_CARDS_PROTECTED_RC1.pdf,True,0,,True
foundation,Foundation,O3,Using the Learning System,assets/foundation/01_LEARN/C1_M00_FOUNDATION_BEGINNER_FIRST_LEARNER_BOOK_RC1.pdf,True,34,12,True,O3,assets/foundation/02_PRACTICE/C1_M00_FOUNDATION_BEGINNER_FIRST_PRACTICE_BOOK_RC1.pdf | assets/foundation/02_PRACTICE/C1_M00_FOUNDATION_EVIDENCE_LOG_RC1.xlsx,True,assets/foundation/03_REVIEW_PROTECTED/C1_M00_FOUNDATION_PRACTICE_REVIEW_PROTECTED_RC1.pdf,True,assets/foundation/03_REVIEW_PROTECTED/C1_M00_FOUNDATION_TARGETED_REPAIR_CARDS_PROTECTED_RC1.pdf,True,0,,True
foundation,Foundation,F1,What Does a Data Analyst Actually Do?,assets/foundation/01_LEARN/C1_M00_FOUNDATION_BEGINNER_FIRST_LEARNER_BOOK_RC1.pdf,True,34,15,True,F1,assets/foundation/02_PRACTICE/C1_M00_FOUNDATION_BEGINNER_FIRST_PRACTICE_BOOK_RC1.pdf | assets/foundation/02_PRACTICE/C1_M00_FOUNDATION_EVIDENCE_LOG_RC1.xlsx,True,assets/foundation/03_REVIEW_PROTECTED/C1_M00_FOUNDATION_PRACTICE_REVIEW_PROTECTED_RC1.pdf,True,assets/foundation/03_REVIEW_PROTECTED/C1_M00_FOUNDATION_TARGETED_REPAIR_CARDS_PROTECTED_RC1.pdf,True,1,https://www.youtube.com/watch?v=mCSbYbXWmH0,True
foundation,Foundation,F2,From Vague Request to Analytical Question,assets/foundation/01_LEARN/C1_M00_FOUNDATION_BEGINNER_FIRST_LEARNER_BOOK_RC1.pdf,True,34,18,True,F2,assets/foundation/02_PRACTICE/C1_M00_FOUNDATION_BEGINNER_FIRST_PRACTICE_BOOK_RC1.pdf | assets/foundation/02_PRACTICE/C1_M00_FOUNDATION_EVIDENCE_LOG_RC1.xlsx,True,assets/foundation/03_REVIEW_PROTECTED/C1_M00_FOUNDATION_PRACTICE_REVIEW_PROTECTED_RC1.pdf,True,assets/foundation/03_REVIEW_PROTECTED/C1_M00_FOUNDATION_TARGETED_REPAIR_CARDS_PROTECTED_RC1.pdf,True,0,,True
foundation,Foundation,F3,Metrics and KPIs,assets/foundation/01_LEARN/C1_M00_FOUNDATION_BEGINNER_FIRST_LEARNER_BOOK_RC1.pdf,True,34,21,True,F3,assets/foundation/02_PRACTICE/C1_M00_FOUNDATION_BEGINNER_FIRST_PRACTICE_BOOK_RC1.pdf | assets/foundation/02_PRACTICE/C1_M00_FOUNDATION_EVIDENCE_LOG_RC1.xlsx,True,assets/foundation/03_REVIEW_PROTECTED/C1_M00_FOUNDATION_PRACTICE_REVIEW_PROTECTED_RC1.pdf,True,assets/foundation/03_REVIEW_PROTECTED/C1_M00_FOUNDATION_TARGETED_REPAIR_CARDS_PROTECTED_RC1.pdf,True,0,,True
foundation,Foundation,F4,Grain and Required Data,assets/foundation/01_LEARN/C1_M00_FOUNDATION_BEGINNER_FIRST_LEARNER_BOOK_RC1.pdf,True,34,24,True,F4,assets/foundation/02_PRACTICE/C1_M00_FOUNDATION_BEGINNER_FIRST_PRACTICE_BOOK_RC1.pdf | assets/foundation/02_PRACTICE/C1_M00_FOUNDATION_EVIDENCE_LOG_RC1.xlsx,True,assets/foundation/03_REVIEW_PROTECTED/C1_M00_FOUNDATION_PRACTICE_REVIEW_PROTECTED_RC1.pdf,True,assets/foundation/03_REVIEW_PROTECTED/C1_M00_FOUNDATION_TARGETED_REPAIR_CARDS_PROTECTED_RC1.pdf,True,0,,True
foundation,Foundation,F5,Data Quality,assets/foundation/01_LEARN/C1_M00_FOUNDATION_BEGINNER_FIRST_LEARNER_BOOK_RC1.pdf,True,34,27,True,F5,assets/foundation/02_PRACTICE/C1_M00_FOUNDATION_BEGINNER_FIRST_PRACTICE_BOOK_RC1.pdf | assets/foundation/02_PRACTICE/C1_M00_FOUNDATION_EVIDENCE_LOG_RC1.xlsx,True,assets/foundation/03_REVIEW_PROTECTED/C1_M00_FOUNDATION_PRACTICE_REVIEW_PROTECTED_RC1.pdf,True,assets/foundation/03_REVIEW_PROTECTED/C1_M00_FOUNDATION_TARGETED_REPAIR_CARDS_PROTECTED_RC1.pdf,True,0,,True
foundation,Foundation,F6,Analysis Validation and the Complete Analyst Brief,assets/foundation/01_LEARN/C1_M00_FOUNDATION_BEGINNER_FIRST_LEARNER_BOOK_RC1.pdf,True,34,30,True,F6,assets/foundation/02_PRACTICE/C1_M00_FOUNDATION_BEGINNER_FIRST_PRACTICE_BOOK_RC1.pdf | assets/foundation/02_PRACTICE/C1_M00_FOUNDATION_EVIDENCE_LOG_RC1.xlsx,True,assets/foundation/03_REVIEW_PROTECTED/C1_M00_FOUNDATION_PRACTICE_REVIEW_PROTECTED_RC1.pdf,True,assets/foundation/03_REVIEW_PROTECTED/C1_M00_FOUNDATION_TARGETED_REPAIR_CARDS_PROTECTED_RC1.pdf,True,0,,True
excel_fundamentals,Excel Fundamentals,EF1,"Meet Excel: Workbook, Worksheet and Grid",assets/excel_fundamentals/C1_M01_EXCEL_FUNDAMENTALS_BEGINNER_FIRST_LEARNER_BOOK_RC1.pdf,True,34,6,True,P-EF1_Navigation,assets/excel_fundamentals/C1_M01_EXCEL_FUNDAMENTALS_CANONICAL_PRACTICE_WORKBOOK_RC1.xlsx,True,assets/excel_fundamentals/C1_M01_EXCEL_FUNDAMENTALS_PROTECTED_PRACTICE_REVIEW_RC1.pdf,True,assets/excel_fundamentals/C1_M01_EXCEL_FUNDAMENTALS_TARGETED_REPAIR_CARDS_RC1.pdf,True,1,https://www.youtube.com/watch?v=F7aPazuS8QY&t=75s,True
excel_fundamentals,Excel Fundamentals,EF2,"Enter, Edit, Save and Structure Data",assets/excel_fundamentals/C1_M01_EXCEL_FUNDAMENTALS_BEGINNER_FIRST_LEARNER_BOOK_RC1.pdf,True,34,9,True,P-EF2_Structure,assets/excel_fundamentals/C1_M01_EXCEL_FUNDAMENTALS_CANONICAL_PRACTICE_WORKBOOK_RC1.xlsx,True,assets/excel_fundamentals/C1_M01_EXCEL_FUNDAMENTALS_PROTECTED_PRACTICE_REVIEW_RC1.pdf,True,assets/excel_fundamentals/C1_M01_EXCEL_FUNDAMENTALS_TARGETED_REPAIR_CARDS_RC1.pdf,True,1,https://www.youtube.com/watch?v=F7aPazuS8QY&t=249s,True
excel_fundamentals,Excel Fundamentals,EF3,"Data Types, Number Formats and Clean Layout",assets/excel_fundamentals/C1_M01_EXCEL_FUNDAMENTALS_BEGINNER_FIRST_LEARNER_BOOK_RC1.pdf,True,34,12,True,P-EF3_Formatting,assets/excel_fundamentals/C1_M01_EXCEL_FUNDAMENTALS_CANONICAL_PRACTICE_WORKBOOK_RC1.xlsx,True,assets/excel_fundamentals/C1_M01_EXCEL_FUNDAMENTALS_PROTECTED_PRACTICE_REVIEW_RC1.pdf,True,assets/excel_fundamentals/C1_M01_EXCEL_FUNDAMENTALS_TARGETED_REPAIR_CARDS_RC1.pdf,True,0,,True
excel_fundamentals,Excel Fundamentals,EF4,Sort and Filter Safely,assets/excel_fundamentals/C1_M01_EXCEL_FUNDAMENTALS_BEGINNER_FIRST_LEARNER_BOOK_RC1.pdf,True,34,15,True,P-EF4_SortFilter,assets/excel_fundamentals/C1_M01_EXCEL_FUNDAMENTALS_CANONICAL_PRACTICE_WORKBOOK_RC1.xlsx,True,assets/excel_fundamentals/C1_M01_EXCEL_FUNDAMENTALS_PROTECTED_PRACTICE_REVIEW_RC1.pdf,True,assets/excel_fundamentals/C1_M01_EXCEL_FUNDAMENTALS_TARGETED_REPAIR_CARDS_RC1.pdf,True,0,,True
excel_fundamentals,Excel Fundamentals,EF5,Formula Basics and Arithmetic,assets/excel_fundamentals/C1_M01_EXCEL_FUNDAMENTALS_BEGINNER_FIRST_LEARNER_BOOK_RC1.pdf,True,34,18,True,P-EF5_Formulas,assets/excel_fundamentals/C1_M01_EXCEL_FUNDAMENTALS_CANONICAL_PRACTICE_WORKBOOK_RC1.xlsx,True,assets/excel_fundamentals/C1_M01_EXCEL_FUNDAMENTALS_PROTECTED_PRACTICE_REVIEW_RC1.pdf,True,assets/excel_fundamentals/C1_M01_EXCEL_FUNDAMENTALS_TARGETED_REPAIR_CARDS_RC1.pdf,True,1,https://www.youtube.com/watch?v=F7aPazuS8QY&t=946s,True
excel_fundamentals,Excel Fundamentals,EF6,"Essential Functions: SUM, AVERAGE, MIN, MAX and COUNT",assets/excel_fundamentals/C1_M01_EXCEL_FUNDAMENTALS_BEGINNER_FIRST_LEARNER_BOOK_RC1.pdf,True,34,21,True,P-EF6_Functions,assets/excel_fundamentals/C1_M01_EXCEL_FUNDAMENTALS_CANONICAL_PRACTICE_WORKBOOK_RC1.xlsx,True,assets/excel_fundamentals/C1_M01_EXCEL_FUNDAMENTALS_PROTECTED_PRACTICE_REVIEW_RC1.pdf,True,assets/excel_fundamentals/C1_M01_EXCEL_FUNDAMENTALS_TARGETED_REPAIR_CARDS_RC1.pdf,True,1,https://www.youtube.com/watch?v=F7aPazuS8QY&t=1289s,True
excel_fundamentals,Excel Fundamentals,EF7,Cell References: Relative and Absolute,assets/excel_fundamentals/C1_M01_EXCEL_FUNDAMENTALS_BEGINNER_FIRST_LEARNER_BOOK_RC1.pdf,True,34,24,True,P-EF7_References,assets/excel_fundamentals/C1_M01_EXCEL_FUNDAMENTALS_CANONICAL_PRACTICE_WORKBOOK_RC1.xlsx,True,assets/excel_fundamentals/C1_M01_EXCEL_FUNDAMENTALS_PROTECTED_PRACTICE_REVIEW_RC1.pdf,True,assets/excel_fundamentals/C1_M01_EXCEL_FUNDAMENTALS_TARGETED_REPAIR_CARDS_RC1.pdf,True,2,https://www.youtube.com/watch?v=VT479YDPB0I&t=755s | https://www.youtube.com/watch?v=4MVNjzsGokc,True
excel_fundamentals,Excel Fundamentals,EF8,Excel Tables,assets/excel_fundamentals/C1_M01_EXCEL_FUNDAMENTALS_BEGINNER_FIRST_LEARNER_BOOK_RC1.pdf,True,34,27,True,P-EF8_Tables,assets/excel_fundamentals/C1_M01_EXCEL_FUNDAMENTALS_CANONICAL_PRACTICE_WORKBOOK_RC1.xlsx,True,assets/excel_fundamentals/C1_M01_EXCEL_FUNDAMENTALS_PROTECTED_PRACTICE_REVIEW_RC1.pdf,True,assets/excel_fundamentals/C1_M01_EXCEL_FUNDAMENTALS_TARGETED_REPAIR_CARDS_RC1.pdf,True,1,https://www.youtube.com/watch?v=VT479YDPB0I&t=142s,True
excel_fundamentals,Excel Fundamentals,EF9,Basic Charts for Clear Comparison,assets/excel_fundamentals/C1_M01_EXCEL_FUNDAMENTALS_BEGINNER_FIRST_LEARNER_BOOK_RC1.pdf,True,34,30,True,P-EF9_Charts,assets/excel_fundamentals/C1_M01_EXCEL_FUNDAMENTALS_CANONICAL_PRACTICE_WORKBOOK_RC1.xlsx,True,assets/excel_fundamentals/C1_M01_EXCEL_FUNDAMENTALS_PROTECTED_PRACTICE_REVIEW_RC1.pdf,True,assets/excel_fundamentals/C1_M01_EXCEL_FUNDAMENTALS_TARGETED_REPAIR_CARDS_RC1.pdf,True,1,https://www.youtube.com/watch?v=F7aPazuS8QY&t=1359s,True
excel_analysts,Excel for Analysts,EFA1,"IF, IFS and Logical Tests",assets/excel_analysts/C1_M02_EXCEL_FOR_ANALYSTS_BEGINNER_FIRST_LEARNER_BOOK_RC1.pdf,True,44,6,True,P-EFA1_IF,assets/excel_analysts/C1_M02_EXCEL_FOR_ANALYSTS_CANONICAL_PRACTICE_WORKBOOK_RC1.xlsx,True,assets/excel_analysts/C1_M02_EXCEL_FOR_ANALYSTS_PROTECTED_PRACTICE_REVIEW_RC1.pdf,True,assets/excel_analysts/C1_M02_EXCEL_FOR_ANALYSTS_TARGETED_REPAIR_CARDS_RC1.pdf,True,1,https://www.youtube.com/watch?v=15NtFld9mVM&t=0s,True
excel_analysts,Excel for Analysts,EFA2,"SUMIFS, COUNTIFS and AVERAGEIFS",assets/excel_analysts/C1_M02_EXCEL_FOR_ANALYSTS_BEGINNER_FIRST_LEARNER_BOOK_RC1.pdf,True,44,9,True,P-EFA2_ConditionalAgg,assets/excel_analysts/C1_M02_EXCEL_FOR_ANALYSTS_CANONICAL_PRACTICE_WORKBOOK_RC1.xlsx,True,assets/excel_analysts/C1_M02_EXCEL_FOR_ANALYSTS_PROTECTED_PRACTICE_REVIEW_RC1.pdf,True,assets/excel_analysts/C1_M02_EXCEL_FOR_ANALYSTS_TARGETED_REPAIR_CARDS_RC1.pdf,True,1,https://www.youtube.com/watch?v=dVJFyqI_Nw4&t=111s,True
excel_analysts,Excel for Analysts,EFA3,Cleaning Text and Inconsistent Values,assets/excel_analysts/C1_M02_EXCEL_FOR_ANALYSTS_BEGINNER_FIRST_LEARNER_BOOK_RC1.pdf,True,44,12,True,P-EFA3_Cleaning,assets/excel_analysts/C1_M02_EXCEL_FOR_ANALYSTS_CANONICAL_PRACTICE_WORKBOOK_RC1.xlsx,True,assets/excel_analysts/C1_M02_EXCEL_FOR_ANALYSTS_PROTECTED_PRACTICE_REVIEW_RC1.pdf,True,assets/excel_analysts/C1_M02_EXCEL_FOR_ANALYSTS_TARGETED_REPAIR_CARDS_RC1.pdf,True,1,https://www.youtube.com/watch?v=q7EpoOwBcnM&t=77s,True
excel_analysts,Excel for Analysts,EFA4,Text Extraction and Date Analysis,assets/excel_analysts/C1_M02_EXCEL_FOR_ANALYSTS_BEGINNER_FIRST_LEARNER_BOOK_RC1.pdf,True,44,15,True,P-EFA4_Text_Dates,assets/excel_analysts/C1_M02_EXCEL_FOR_ANALYSTS_CANONICAL_PRACTICE_WORKBOOK_RC1.xlsx,True,assets/excel_analysts/C1_M02_EXCEL_FOR_ANALYSTS_PROTECTED_PRACTICE_REVIEW_RC1.pdf,True,assets/excel_analysts/C1_M02_EXCEL_FOR_ANALYSTS_TARGETED_REPAIR_CARDS_RC1.pdf,True,2,https://chandoo.org/wp/important-text-functions/ | https://chandoo.org/wp/date-time-tips-ms-excel/,True
excel_analysts,Excel for Analysts,EFA5,"Lookups: XLOOKUP First, Compatibility Second",assets/excel_analysts/C1_M02_EXCEL_FOR_ANALYSTS_BEGINNER_FIRST_LEARNER_BOOK_RC1.pdf,True,44,18,True,P-EFA5_Lookups,assets/excel_analysts/C1_M02_EXCEL_FOR_ANALYSTS_CANONICAL_PRACTICE_WORKBOOK_RC1.xlsx,True,assets/excel_analysts/C1_M02_EXCEL_FOR_ANALYSTS_PROTECTED_PRACTICE_REVIEW_RC1.pdf,True,assets/excel_analysts/C1_M02_EXCEL_FOR_ANALYSTS_TARGETED_REPAIR_CARDS_RC1.pdf,True,1,https://www.youtube.com/watch?v=YyhJe5tMq58&t=75s,True
excel_analysts,Excel for Analysts,EFA6,Error Handling without Hiding Problems,assets/excel_analysts/C1_M02_EXCEL_FOR_ANALYSTS_BEGINNER_FIRST_LEARNER_BOOK_RC1.pdf,True,44,21,True,P-EFA6_Errors,assets/excel_analysts/C1_M02_EXCEL_FOR_ANALYSTS_CANONICAL_PRACTICE_WORKBOOK_RC1.xlsx,True,assets/excel_analysts/C1_M02_EXCEL_FOR_ANALYSTS_PROTECTED_PRACTICE_REVIEW_RC1.pdf,True,assets/excel_analysts/C1_M02_EXCEL_FOR_ANALYSTS_TARGETED_REPAIR_CARDS_RC1.pdf,True,1,https://chandoo.org/wp/excel-formula-errors/,True
excel_analysts,Excel for Analysts,EFA7,Data Quality Controls in Excel,assets/excel_analysts/C1_M02_EXCEL_FOR_ANALYSTS_BEGINNER_FIRST_LEARNER_BOOK_RC1.pdf,True,44,24,True,P-EFA7_Quality,assets/excel_analysts/C1_M02_EXCEL_FOR_ANALYSTS_CANONICAL_PRACTICE_WORKBOOK_RC1.xlsx,True,assets/excel_analysts/C1_M02_EXCEL_FOR_ANALYSTS_PROTECTED_PRACTICE_REVIEW_RC1.pdf,True,assets/excel_analysts/C1_M02_EXCEL_FOR_ANALYSTS_TARGETED_REPAIR_CARDS_RC1.pdf,True,1,https://www.youtube.com/watch?v=KSQiMdGi3-0&t=0s,True
excel_analysts,Excel for Analysts,EFA8,PivotTables for Business Questions,assets/excel_analysts/C1_M02_EXCEL_FOR_ANALYSTS_BEGINNER_FIRST_LEARNER_BOOK_RC1.pdf,True,44,27,True,P-EFA8_Pivots,assets/excel_analysts/C1_M02_EXCEL_FOR_ANALYSTS_CANONICAL_PRACTICE_WORKBOOK_RC1.xlsx,True,assets/excel_analysts/C1_M02_EXCEL_FOR_ANALYSTS_PROTECTED_PRACTICE_REVIEW_RC1.pdf,True,assets/excel_analysts/C1_M02_EXCEL_FOR_ANALYSTS_TARGETED_REPAIR_CARDS_RC1.pdf,True,1,https://www.youtube.com/watch?v=zuSNd1ZMfBI&t=51s,True
excel_analysts,Excel for Analysts,EFA9,"PivotCharts, Slicers and Report Design",assets/excel_analysts/C1_M02_EXCEL_FOR_ANALYSTS_BEGINNER_FIRST_LEARNER_BOOK_RC1.pdf,True,44,30,True,P-EFA9_Report,assets/excel_analysts/C1_M02_EXCEL_FOR_ANALYSTS_CANONICAL_PRACTICE_WORKBOOK_RC1.xlsx,True,assets/excel_analysts/C1_M02_EXCEL_FOR_ANALYSTS_PROTECTED_PRACTICE_REVIEW_RC1.pdf,True,assets/excel_analysts/C1_M02_EXCEL_FOR_ANALYSTS_TARGETED_REPAIR_CARDS_RC1.pdf,True,1,https://www.youtube.com/watch?v=zuSNd1ZMfBI&t=1232s,True
excel_analysts,Excel for Analysts,EFA10,"Power Query: Import, Transform, Load and Refresh",assets/excel_analysts/C1_M02_EXCEL_FOR_ANALYSTS_BEGINNER_FIRST_LEARNER_BOOK_RC1.pdf,True,44,33,True,P-EFA10_PQ,assets/excel_analysts/C1_M02_EXCEL_FOR_ANALYSTS_CANONICAL_PRACTICE_WORKBOOK_RC1.xlsx,True,assets/excel_analysts/C1_M02_EXCEL_FOR_ANALYSTS_PROTECTED_PRACTICE_REVIEW_RC1.pdf,True,assets/excel_analysts/C1_M02_EXCEL_FOR_ANALYSTS_TARGETED_REPAIR_CARDS_RC1.pdf,True,1,https://www.youtube.com/watch?v=MMdcczmULrU&t=294s,True
excel_analysts,Excel for Analysts,EFA11,Relationships and the Excel Data Model (Strong Fresher),assets/excel_analysts/C1_M02_EXCEL_FOR_ANALYSTS_BEGINNER_FIRST_LEARNER_BOOK_RC1.pdf,True,44,36,True,P-EFA11_Model,assets/excel_analysts/C1_M02_EXCEL_FOR_ANALYSTS_CANONICAL_PRACTICE_WORKBOOK_RC1.xlsx,True,assets/excel_analysts/C1_M02_EXCEL_FOR_ANALYSTS_PROTECTED_PRACTICE_REVIEW_RC1.pdf,True,assets/excel_analysts/C1_M02_EXCEL_FOR_ANALYSTS_TARGETED_REPAIR_CARDS_RC1.pdf,True,2,https://support.microsoft.com/en-us/excel/create-a-relationship-between-tables-in-excel | https://support.microsoft.com/en-us/excel/relationships-between-tables-in-a-data-model,True
sql_foundations,SQL Foundations,SF0,Set up MySQL Workbench and run your first query,assets/sql_foundations/C1_M03_SQL_FOUNDATIONS_BEGINNER_FIRST_LEARNER_BOOK_RC1.pdf,True,34,6,True,SF0,assets/sql_foundations/C1_M03_SQL_FOUNDATIONS_LAB_SETUP_RC1.sql | assets/sql_foundations/C1_M03_SQL_FOUNDATIONS_PRACTICE_TASKS_RC1.sql | assets/sql_foundations/C1_M03_SQL_FOUNDATIONS_EVIDENCE_LOG_RC1.xlsx,True,assets/sql_foundations/C1_M03_SQL_FOUNDATIONS_PROTECTED_PRACTICE_REVIEW_RC1.pdf,True,assets/sql_foundations/C1_M03_SQL_FOUNDATIONS_TARGETED_REPAIR_CARDS_RC1.pdf,True,3,https://www.youtube.com/watch?v=OT1RErkfLNQ | https://dev.mysql.com/downloads/workbench/ | https://dev.mysql.com/doc/workbench/en/,True
sql_foundations,SQL Foundations,SF1,"Relational basics, keys and NULL",assets/sql_foundations/C1_M03_SQL_FOUNDATIONS_BEGINNER_FIRST_LEARNER_BOOK_RC1.pdf,True,34,9,True,SF1,assets/sql_foundations/C1_M03_SQL_FOUNDATIONS_LAB_SETUP_RC1.sql | assets/sql_foundations/C1_M03_SQL_FOUNDATIONS_PRACTICE_TASKS_RC1.sql | assets/sql_foundations/C1_M03_SQL_FOUNDATIONS_EVIDENCE_LOG_RC1.xlsx,True,assets/sql_foundations/C1_M03_SQL_FOUNDATIONS_PROTECTED_PRACTICE_REVIEW_RC1.pdf,True,assets/sql_foundations/C1_M03_SQL_FOUNDATIONS_TARGETED_REPAIR_CARDS_RC1.pdf,True,0,,True
sql_foundations,SQL Foundations,SF2,"SELECT, aliases and DISTINCT",assets/sql_foundations/C1_M03_SQL_FOUNDATIONS_BEGINNER_FIRST_LEARNER_BOOK_RC1.pdf,True,34,12,True,SF2,assets/sql_foundations/C1_M03_SQL_FOUNDATIONS_LAB_SETUP_RC1.sql | assets/sql_foundations/C1_M03_SQL_FOUNDATIONS_PRACTICE_TASKS_RC1.sql | assets/sql_foundations/C1_M03_SQL_FOUNDATIONS_EVIDENCE_LOG_RC1.xlsx,True,assets/sql_foundations/C1_M03_SQL_FOUNDATIONS_PROTECTED_PRACTICE_REVIEW_RC1.pdf,True,assets/sql_foundations/C1_M03_SQL_FOUNDATIONS_TARGETED_REPAIR_CARDS_RC1.pdf,True,2,https://www.youtube.com/watch?v=OT1RErkfLNQ | https://www.youtube.com/watch?v=Rm0xH2Vpfi0,True
sql_foundations,SQL Foundations,SF3,WHERE and filter logic,assets/sql_foundations/C1_M03_SQL_FOUNDATIONS_BEGINNER_FIRST_LEARNER_BOOK_RC1.pdf,True,34,15,True,SF3,assets/sql_foundations/C1_M03_SQL_FOUNDATIONS_LAB_SETUP_RC1.sql | assets/sql_foundations/C1_M03_SQL_FOUNDATIONS_PRACTICE_TASKS_RC1.sql | assets/sql_foundations/C1_M03_SQL_FOUNDATIONS_EVIDENCE_LOG_RC1.xlsx,True,assets/sql_foundations/C1_M03_SQL_FOUNDATIONS_PROTECTED_PRACTICE_REVIEW_RC1.pdf,True,assets/sql_foundations/C1_M03_SQL_FOUNDATIONS_TARGETED_REPAIR_CARDS_RC1.pdf,True,2,https://www.youtube.com/watch?v=OT1RErkfLNQ | https://www.youtube.com/watch?v=Rm0xH2Vpfi0,True
sql_foundations,SQL Foundations,SF4,ORDER BY and LIMIT,assets/sql_foundations/C1_M03_SQL_FOUNDATIONS_BEGINNER_FIRST_LEARNER_BOOK_RC1.pdf,True,34,18,True,SF4,assets/sql_foundations/C1_M03_SQL_FOUNDATIONS_LAB_SETUP_RC1.sql | assets/sql_foundations/C1_M03_SQL_FOUNDATIONS_PRACTICE_TASKS_RC1.sql | assets/sql_foundations/C1_M03_SQL_FOUNDATIONS_EVIDENCE_LOG_RC1.xlsx,True,assets/sql_foundations/C1_M03_SQL_FOUNDATIONS_PROTECTED_PRACTICE_REVIEW_RC1.pdf,True,assets/sql_foundations/C1_M03_SQL_FOUNDATIONS_TARGETED_REPAIR_CARDS_RC1.pdf,True,2,https://www.youtube.com/watch?v=OT1RErkfLNQ | https://www.youtube.com/watch?v=Rm0xH2Vpfi0,True
sql_foundations,SQL Foundations,SF5,Aggregate functions,assets/sql_foundations/C1_M03_SQL_FOUNDATIONS_BEGINNER_FIRST_LEARNER_BOOK_RC1.pdf,True,34,21,True,SF5,assets/sql_foundations/C1_M03_SQL_FOUNDATIONS_LAB_SETUP_RC1.sql | assets/sql_foundations/C1_M03_SQL_FOUNDATIONS_PRACTICE_TASKS_RC1.sql | assets/sql_foundations/C1_M03_SQL_FOUNDATIONS_EVIDENCE_LOG_RC1.xlsx,True,assets/sql_foundations/C1_M03_SQL_FOUNDATIONS_PROTECTED_PRACTICE_REVIEW_RC1.pdf,True,assets/sql_foundations/C1_M03_SQL_FOUNDATIONS_TARGETED_REPAIR_CARDS_RC1.pdf,True,2,https://www.youtube.com/watch?v=OT1RErkfLNQ | https://www.youtube.com/watch?v=Rm0xH2Vpfi0,True
sql_foundations,SQL Foundations,SF6,GROUP BY and result grain,assets/sql_foundations/C1_M03_SQL_FOUNDATIONS_BEGINNER_FIRST_LEARNER_BOOK_RC1.pdf,True,34,24,True,SF6,assets/sql_foundations/C1_M03_SQL_FOUNDATIONS_LAB_SETUP_RC1.sql | assets/sql_foundations/C1_M03_SQL_FOUNDATIONS_PRACTICE_TASKS_RC1.sql | assets/sql_foundations/C1_M03_SQL_FOUNDATIONS_EVIDENCE_LOG_RC1.xlsx,True,assets/sql_foundations/C1_M03_SQL_FOUNDATIONS_PROTECTED_PRACTICE_REVIEW_RC1.pdf,True,assets/sql_foundations/C1_M03_SQL_FOUNDATIONS_TARGETED_REPAIR_CARDS_RC1.pdf,True,2,https://www.youtube.com/watch?v=OT1RErkfLNQ | https://www.youtube.com/watch?v=Rm0xH2Vpfi0,True
sql_foundations,SQL Foundations,SF7,HAVING vs WHERE,assets/sql_foundations/C1_M03_SQL_FOUNDATIONS_BEGINNER_FIRST_LEARNER_BOOK_RC1.pdf,True,34,27,True,SF7,assets/sql_foundations/C1_M03_SQL_FOUNDATIONS_LAB_SETUP_RC1.sql | assets/sql_foundations/C1_M03_SQL_FOUNDATIONS_PRACTICE_TASKS_RC1.sql | assets/sql_foundations/C1_M03_SQL_FOUNDATIONS_EVIDENCE_LOG_RC1.xlsx,True,assets/sql_foundations/C1_M03_SQL_FOUNDATIONS_PROTECTED_PRACTICE_REVIEW_RC1.pdf,True,assets/sql_foundations/C1_M03_SQL_FOUNDATIONS_TARGETED_REPAIR_CARDS_RC1.pdf,True,2,https://www.youtube.com/watch?v=OT1RErkfLNQ | https://www.youtube.com/watch?v=Rm0xH2Vpfi0,True
sql_foundations,SQL Foundations,SF8,CASE for business classification,assets/sql_foundations/C1_M03_SQL_FOUNDATIONS_BEGINNER_FIRST_LEARNER_BOOK_RC1.pdf,True,34,30,True,SF8,assets/sql_foundations/C1_M03_SQL_FOUNDATIONS_LAB_SETUP_RC1.sql | assets/sql_foundations/C1_M03_SQL_FOUNDATIONS_PRACTICE_TASKS_RC1.sql | assets/sql_foundations/C1_M03_SQL_FOUNDATIONS_EVIDENCE_LOG_RC1.xlsx,True,assets/sql_foundations/C1_M03_SQL_FOUNDATIONS_PROTECTED_PRACTICE_REVIEW_RC1.pdf,True,assets/sql_foundations/C1_M03_SQL_FOUNDATIONS_TARGETED_REPAIR_CARDS_RC1.pdf,True,1,https://www.youtube.com/watch?v=OT1RErkfLNQ,True
sql_analysts,SQL for Analysts,SA1,INNER JOIN and LEFT JOIN,assets/sql_analysts/C1_M04_SQL_FOR_ANALYSTS_BEGINNER_FIRST_LEARNER_BOOK_RC1.pdf,True,38,6,True,SA1,assets/sql_analysts/C1_M04_SQL_FOR_ANALYSTS_LAB_SETUP_RC1.sql | assets/sql_analysts/C1_M04_SQL_FOR_ANALYSTS_PRACTICE_TASKS_RC1.sql | assets/sql_analysts/C1_M04_SQL_FOR_ANALYSTS_EVIDENCE_LOG_RC1.xlsx,True,assets/sql_analysts/C1_M04_SQL_FOR_ANALYSTS_PROTECTED_PRACTICE_REVIEW_RC1.pdf,True,assets/sql_analysts/C1_M04_SQL_FOR_ANALYSTS_TARGETED_REPAIR_CARDS_RC1.pdf,True,1,https://www.youtube.com/watch?v=OT1RErkfLNQ,True
sql_analysts,SQL for Analysts,SA2,"Cardinality, row multiplication and join validation",assets/sql_analysts/C1_M04_SQL_FOR_ANALYSTS_BEGINNER_FIRST_LEARNER_BOOK_RC1.pdf,True,38,9,True,SA2,assets/sql_analysts/C1_M04_SQL_FOR_ANALYSTS_LAB_SETUP_RC1.sql | assets/sql_analysts/C1_M04_SQL_FOR_ANALYSTS_PRACTICE_TASKS_RC1.sql | assets/sql_analysts/C1_M04_SQL_FOR_ANALYSTS_EVIDENCE_LOG_RC1.xlsx,True,assets/sql_analysts/C1_M04_SQL_FOR_ANALYSTS_PROTECTED_PRACTICE_REVIEW_RC1.pdf,True,assets/sql_analysts/C1_M04_SQL_FOR_ANALYSTS_TARGETED_REPAIR_CARDS_RC1.pdf,True,1,https://www.youtube.com/watch?v=OT1RErkfLNQ,True
sql_analysts,SQL for Analysts,SA3,String functions for analyst cleaning,assets/sql_analysts/C1_M04_SQL_FOR_ANALYSTS_BEGINNER_FIRST_LEARNER_BOOK_RC1.pdf,True,38,12,True,SA3,assets/sql_analysts/C1_M04_SQL_FOR_ANALYSTS_LAB_SETUP_RC1.sql | assets/sql_analysts/C1_M04_SQL_FOR_ANALYSTS_PRACTICE_TASKS_RC1.sql | assets/sql_analysts/C1_M04_SQL_FOR_ANALYSTS_EVIDENCE_LOG_RC1.xlsx,True,assets/sql_analysts/C1_M04_SQL_FOR_ANALYSTS_PROTECTED_PRACTICE_REVIEW_RC1.pdf,True,assets/sql_analysts/C1_M04_SQL_FOR_ANALYSTS_TARGETED_REPAIR_CARDS_RC1.pdf,True,1,https://www.youtube.com/watch?v=OT1RErkfLNQ,True
sql_analysts,SQL for Analysts,SA4,Dates and time analysis,assets/sql_analysts/C1_M04_SQL_FOR_ANALYSTS_BEGINNER_FIRST_LEARNER_BOOK_RC1.pdf,True,38,15,True,SA4,assets/sql_analysts/C1_M04_SQL_FOR_ANALYSTS_LAB_SETUP_RC1.sql | assets/sql_analysts/C1_M04_SQL_FOR_ANALYSTS_PRACTICE_TASKS_RC1.sql | assets/sql_analysts/C1_M04_SQL_FOR_ANALYSTS_EVIDENCE_LOG_RC1.xlsx,True,assets/sql_analysts/C1_M04_SQL_FOR_ANALYSTS_PROTECTED_PRACTICE_REVIEW_RC1.pdf,True,assets/sql_analysts/C1_M04_SQL_FOR_ANALYSTS_TARGETED_REPAIR_CARDS_RC1.pdf,True,3,https://dev.mysql.com/doc/refman/8.0/en/date-and-time-functions.html | https://www.youtube.com/watch?v=Wnh_cTUqkKE | https://www.youtube.com/watch?v=Bm-MvwlBfFw,True
sql_analysts,SQL for Analysts,SA5,Subqueries,assets/sql_analysts/C1_M04_SQL_FOR_ANALYSTS_BEGINNER_FIRST_LEARNER_BOOK_RC1.pdf,True,38,18,True,SA5,assets/sql_analysts/C1_M04_SQL_FOR_ANALYSTS_LAB_SETUP_RC1.sql | assets/sql_analysts/C1_M04_SQL_FOR_ANALYSTS_PRACTICE_TASKS_RC1.sql | assets/sql_analysts/C1_M04_SQL_FOR_ANALYSTS_EVIDENCE_LOG_RC1.xlsx,True,assets/sql_analysts/C1_M04_SQL_FOR_ANALYSTS_PROTECTED_PRACTICE_REVIEW_RC1.pdf,True,assets/sql_analysts/C1_M04_SQL_FOR_ANALYSTS_TARGETED_REPAIR_CARDS_RC1.pdf,True,1,https://www.youtube.com/watch?v=OT1RErkfLNQ,True
sql_analysts,SQL for Analysts,SA6,CTEs and readable multi-step logic,assets/sql_analysts/C1_M04_SQL_FOR_ANALYSTS_BEGINNER_FIRST_LEARNER_BOOK_RC1.pdf,True,38,21,True,SA6,assets/sql_analysts/C1_M04_SQL_FOR_ANALYSTS_LAB_SETUP_RC1.sql | assets/sql_analysts/C1_M04_SQL_FOR_ANALYSTS_PRACTICE_TASKS_RC1.sql | assets/sql_analysts/C1_M04_SQL_FOR_ANALYSTS_EVIDENCE_LOG_RC1.xlsx,True,assets/sql_analysts/C1_M04_SQL_FOR_ANALYSTS_PROTECTED_PRACTICE_REVIEW_RC1.pdf,True,assets/sql_analysts/C1_M04_SQL_FOR_ANALYSTS_TARGETED_REPAIR_CARDS_RC1.pdf,True,1,https://www.youtube.com/watch?v=OT1RErkfLNQ,True
sql_analysts,SQL for Analysts,SA7,Window functions and PARTITION BY,assets/sql_analysts/C1_M04_SQL_FOR_ANALYSTS_BEGINNER_FIRST_LEARNER_BOOK_RC1.pdf,True,38,24,True,SA7,assets/sql_analysts/C1_M04_SQL_FOR_ANALYSTS_LAB_SETUP_RC1.sql | assets/sql_analysts/C1_M04_SQL_FOR_ANALYSTS_PRACTICE_TASKS_RC1.sql | assets/sql_analysts/C1_M04_SQL_FOR_ANALYSTS_EVIDENCE_LOG_RC1.xlsx,True,assets/sql_analysts/C1_M04_SQL_FOR_ANALYSTS_PROTECTED_PRACTICE_REVIEW_RC1.pdf,True,assets/sql_analysts/C1_M04_SQL_FOR_ANALYSTS_TARGETED_REPAIR_CARDS_RC1.pdf,True,1,https://www.youtube.com/watch?v=OT1RErkfLNQ,True
sql_analysts,SQL for Analysts,SA8,"Ranking, latest-row logic and LAG/LEAD",assets/sql_analysts/C1_M04_SQL_FOR_ANALYSTS_BEGINNER_FIRST_LEARNER_BOOK_RC1.pdf,True,38,27,True,SA8,assets/sql_analysts/C1_M04_SQL_FOR_ANALYSTS_LAB_SETUP_RC1.sql | assets/sql_analysts/C1_M04_SQL_FOR_ANALYSTS_PRACTICE_TASKS_RC1.sql | assets/sql_analysts/C1_M04_SQL_FOR_ANALYSTS_EVIDENCE_LOG_RC1.xlsx,True,assets/sql_analysts/C1_M04_SQL_FOR_ANALYSTS_PROTECTED_PRACTICE_REVIEW_RC1.pdf,True,assets/sql_analysts/C1_M04_SQL_FOR_ANALYSTS_TARGETED_REPAIR_CARDS_RC1.pdf,True,1,https://www.youtube.com/watch?v=OT1RErkfLNQ,True
sql_analysts,SQL for Analysts,SA9,"UNION, views and performance awareness",assets/sql_analysts/C1_M04_SQL_FOR_ANALYSTS_BEGINNER_FIRST_LEARNER_BOOK_RC1.pdf,True,38,30,True,SA9,assets/sql_analysts/C1_M04_SQL_FOR_ANALYSTS_LAB_SETUP_RC1.sql | assets/sql_analysts/C1_M04_SQL_FOR_ANALYSTS_PRACTICE_TASKS_RC1.sql | assets/sql_analysts/C1_M04_SQL_FOR_ANALYSTS_EVIDENCE_LOG_RC1.xlsx,True,assets/sql_analysts/C1_M04_SQL_FOR_ANALYSTS_PROTECTED_PRACTICE_REVIEW_RC1.pdf,True,assets/sql_analysts/C1_M04_SQL_FOR_ANALYSTS_TARGETED_REPAIR_CARDS_RC1.pdf,True,1,https://www.youtube.com/watch?v=OT1RErkfLNQ,True
powerbi_modeling,Power BI Modeling,PBM0,"Install, orient and import",assets/powerbi_modeling/C1_M05_POWERBI_MODELING_BEGINNER_FIRST_LEARNER_BOOK_RC1.pdf,True,31,6,True,C1_M05_POWERBI_MODELING_PRACTICE_GUIDE_RC1.pdf,assets/powerbi_modeling/C1_M05_POWERBI_MODELING_PRACTICE_GUIDE_RC1.pdf | assets/powerbi_modeling/C1_M05_POWERBI_MODELING_PRACTICE_DATA_RC1.xlsx,True,assets/powerbi_modeling/C1_M05_POWERBI_MODELING_PROTECTED_PRACTICE_REVIEW_RC1.pdf,True,assets/powerbi_modeling/C1_M05_POWERBI_MODELING_TARGETED_REPAIR_CARDS_RC1.pdf,True,2,https://www.youtube.com/watch?v=4ePNrdxWtY0 | https://www.microsoft.com/en-in/download/details.aspx?id=58494,True
powerbi_modeling,Power BI Modeling,PBM1,Power Query interface and profiling,assets/powerbi_modeling/C1_M05_POWERBI_MODELING_BEGINNER_FIRST_LEARNER_BOOK_RC1.pdf,True,31,9,True,C1_M05_POWERBI_MODELING_PRACTICE_GUIDE_RC1.pdf,assets/powerbi_modeling/C1_M05_POWERBI_MODELING_PRACTICE_GUIDE_RC1.pdf | assets/powerbi_modeling/C1_M05_POWERBI_MODELING_PRACTICE_DATA_RC1.xlsx,True,assets/powerbi_modeling/C1_M05_POWERBI_MODELING_PROTECTED_PRACTICE_REVIEW_RC1.pdf,True,assets/powerbi_modeling/C1_M05_POWERBI_MODELING_TARGETED_REPAIR_CARDS_RC1.pdf,True,2,https://learn.microsoft.com/en-us/power-query/data-profiling-tools | https://www.youtube.com/watch?v=UhD3LbbimZ0,True
powerbi_modeling,Power BI Modeling,PBM2,Transform safely and set data types,assets/powerbi_modeling/C1_M05_POWERBI_MODELING_BEGINNER_FIRST_LEARNER_BOOK_RC1.pdf,True,31,12,True,C1_M05_POWERBI_MODELING_PRACTICE_GUIDE_RC1.pdf,assets/powerbi_modeling/C1_M05_POWERBI_MODELING_PRACTICE_GUIDE_RC1.pdf | assets/powerbi_modeling/C1_M05_POWERBI_MODELING_PRACTICE_DATA_RC1.xlsx,True,assets/powerbi_modeling/C1_M05_POWERBI_MODELING_PROTECTED_PRACTICE_REVIEW_RC1.pdf,True,assets/powerbi_modeling/C1_M05_POWERBI_MODELING_TARGETED_REPAIR_CARDS_RC1.pdf,True,3,https://learn.microsoft.com/en-us/power-query/data-types | https://www.youtube.com/watch?v=UhD3LbbimZ0 | https://www.youtube.com/watch?v=MMdcczmULrU,True
powerbi_modeling,Power BI Modeling,PBM3,"Fact tables, dimensions, grain and star schema",assets/powerbi_modeling/C1_M05_POWERBI_MODELING_BEGINNER_FIRST_LEARNER_BOOK_RC1.pdf,True,31,15,True,C1_M05_POWERBI_MODELING_PRACTICE_GUIDE_RC1.pdf,assets/powerbi_modeling/C1_M05_POWERBI_MODELING_PRACTICE_GUIDE_RC1.pdf | assets/powerbi_modeling/C1_M05_POWERBI_MODELING_PRACTICE_DATA_RC1.xlsx,True,assets/powerbi_modeling/C1_M05_POWERBI_MODELING_PROTECTED_PRACTICE_REVIEW_RC1.pdf,True,assets/powerbi_modeling/C1_M05_POWERBI_MODELING_TARGETED_REPAIR_CARDS_RC1.pdf,True,2,https://www.youtube.com/watch?v=4ePNrdxWtY0 | https://learn.microsoft.com/en-us/power-bi/guidance/star-schema,True
powerbi_modeling,Power BI Modeling,PBM4,"Relationships, cardinality and filter direction",assets/powerbi_modeling/C1_M05_POWERBI_MODELING_BEGINNER_FIRST_LEARNER_BOOK_RC1.pdf,True,31,18,True,C1_M05_POWERBI_MODELING_PRACTICE_GUIDE_RC1.pdf,assets/powerbi_modeling/C1_M05_POWERBI_MODELING_PRACTICE_GUIDE_RC1.pdf | assets/powerbi_modeling/C1_M05_POWERBI_MODELING_PRACTICE_DATA_RC1.xlsx,True,assets/powerbi_modeling/C1_M05_POWERBI_MODELING_PROTECTED_PRACTICE_REVIEW_RC1.pdf,True,assets/powerbi_modeling/C1_M05_POWERBI_MODELING_TARGETED_REPAIR_CARDS_RC1.pdf,True,2,https://www.youtube.com/watch?v=4ePNrdxWtY0 | https://learn.microsoft.com/en-us/power-bi/transform-model/desktop-relationships-understand,True
powerbi_modeling,Power BI Modeling,PBM5,Date dimension and date relationships,assets/powerbi_modeling/C1_M05_POWERBI_MODELING_BEGINNER_FIRST_LEARNER_BOOK_RC1.pdf,True,31,21,True,C1_M05_POWERBI_MODELING_PRACTICE_GUIDE_RC1.pdf,assets/powerbi_modeling/C1_M05_POWERBI_MODELING_PRACTICE_GUIDE_RC1.pdf | assets/powerbi_modeling/C1_M05_POWERBI_MODELING_PRACTICE_DATA_RC1.xlsx,True,assets/powerbi_modeling/C1_M05_POWERBI_MODELING_PROTECTED_PRACTICE_REVIEW_RC1.pdf,True,assets/powerbi_modeling/C1_M05_POWERBI_MODELING_TARGETED_REPAIR_CARDS_RC1.pdf,True,3,https://learn.microsoft.com/en-us/power-bi/transform-model/desktop-date-tables | https://www.youtube.com/watch?v=4ePNrdxWtY0 | https://learn.microsoft.com/en-us/power-bi/transform-model/desktop-relationships-understand,True
powerbi_modeling,Power BI Modeling,PBM6,Model validation and trust checks,assets/powerbi_modeling/C1_M05_POWERBI_MODELING_BEGINNER_FIRST_LEARNER_BOOK_RC1.pdf,True,31,24,True,C1_M05_POWERBI_MODELING_PRACTICE_GUIDE_RC1.pdf,assets/powerbi_modeling/C1_M05_POWERBI_MODELING_PRACTICE_GUIDE_RC1.pdf | assets/powerbi_modeling/C1_M05_POWERBI_MODELING_PRACTICE_DATA_RC1.xlsx,True,assets/powerbi_modeling/C1_M05_POWERBI_MODELING_PROTECTED_PRACTICE_REVIEW_RC1.pdf,True,assets/powerbi_modeling/C1_M05_POWERBI_MODELING_TARGETED_REPAIR_CARDS_RC1.pdf,True,1,https://www.youtube.com/watch?v=4ePNrdxWtY0,True
powerbi_modeling,Power BI Modeling,PBM7,Refresh and model hygiene,assets/powerbi_modeling/C1_M05_POWERBI_MODELING_BEGINNER_FIRST_LEARNER_BOOK_RC1.pdf,True,31,27,True,C1_M05_POWERBI_MODELING_PRACTICE_GUIDE_RC1.pdf,assets/powerbi_modeling/C1_M05_POWERBI_MODELING_PRACTICE_GUIDE_RC1.pdf | assets/powerbi_modeling/C1_M05_POWERBI_MODELING_PRACTICE_DATA_RC1.xlsx,True,assets/powerbi_modeling/C1_M05_POWERBI_MODELING_PROTECTED_PRACTICE_REVIEW_RC1.pdf,True,assets/powerbi_modeling/C1_M05_POWERBI_MODELING_TARGETED_REPAIR_CARDS_RC1.pdf,True,3,https://learn.microsoft.com/en-us/power-bi/connect-data/refresh-data | https://www.youtube.com/watch?v=UhD3LbbimZ0 | https://www.youtube.com/watch?v=MMdcczmULrU,True
powerbi_reporting,Power BI DAX / Reporting,PBD1,Measures first: the calculation layer,assets/powerbi_reporting/C1_M06_POWERBI_DAX_REPORTING_BEGINNER_FIRST_LEARNER_BOOK_RC1.pdf,True,41,6,True,C1_M06_POWERBI_DAX_REPORTING_PRACTICE_GUIDE_RC1.pdf,assets/powerbi_reporting/C1_M06_POWERBI_DAX_REPORTING_PRACTICE_GUIDE_RC1.pdf | assets/powerbi_reporting/C1_M06_POWERBI_DAX_REPORTING_PRACTICE_DATA_RC1.xlsx,True,assets/powerbi_reporting/C1_M06_POWERBI_DAX_REPORTING_PROTECTED_PRACTICE_REVIEW_RC1.pdf,True,assets/powerbi_reporting/C1_M06_POWERBI_DAX_REPORTING_TARGETED_REPAIR_CARDS_RC1.pdf,True,2,https://www.youtube.com/watch?v=lD7TvkoQ6rY | https://learn.microsoft.com/en-us/dax/dax-overview,True
powerbi_reporting,Power BI DAX / Reporting,PBD2,Evaluation context: why the same measure changes,assets/powerbi_reporting/C1_M06_POWERBI_DAX_REPORTING_BEGINNER_FIRST_LEARNER_BOOK_RC1.pdf,True,41,9,True,C1_M06_POWERBI_DAX_REPORTING_PRACTICE_GUIDE_RC1.pdf,assets/powerbi_reporting/C1_M06_POWERBI_DAX_REPORTING_PRACTICE_GUIDE_RC1.pdf | assets/powerbi_reporting/C1_M06_POWERBI_DAX_REPORTING_PRACTICE_DATA_RC1.xlsx,True,assets/powerbi_reporting/C1_M06_POWERBI_DAX_REPORTING_PROTECTED_PRACTICE_REVIEW_RC1.pdf,True,assets/powerbi_reporting/C1_M06_POWERBI_DAX_REPORTING_TARGETED_REPAIR_CARDS_RC1.pdf,True,2,https://learn.microsoft.com/en-us/dax/dax-overview | https://www.youtube.com/watch?v=lD7TvkoQ6rY,True
powerbi_reporting,Power BI DAX / Reporting,PBD3,CALCULATE: deliberately changing context,assets/powerbi_reporting/C1_M06_POWERBI_DAX_REPORTING_BEGINNER_FIRST_LEARNER_BOOK_RC1.pdf,True,41,12,True,C1_M06_POWERBI_DAX_REPORTING_PRACTICE_GUIDE_RC1.pdf,assets/powerbi_reporting/C1_M06_POWERBI_DAX_REPORTING_PRACTICE_GUIDE_RC1.pdf | assets/powerbi_reporting/C1_M06_POWERBI_DAX_REPORTING_PRACTICE_DATA_RC1.xlsx,True,assets/powerbi_reporting/C1_M06_POWERBI_DAX_REPORTING_PROTECTED_PRACTICE_REVIEW_RC1.pdf,True,assets/powerbi_reporting/C1_M06_POWERBI_DAX_REPORTING_TARGETED_REPAIR_CARDS_RC1.pdf,True,2,https://learn.microsoft.com/en-us/dax/calculate-function-dax | https://www.youtube.com/watch?v=lD7TvkoQ6rY,True
powerbi_reporting,Power BI DAX / Reporting,PBD4,KPI measures and targets,assets/powerbi_reporting/C1_M06_POWERBI_DAX_REPORTING_BEGINNER_FIRST_LEARNER_BOOK_RC1.pdf,True,41,15,True,C1_M06_POWERBI_DAX_REPORTING_PRACTICE_GUIDE_RC1.pdf,assets/powerbi_reporting/C1_M06_POWERBI_DAX_REPORTING_PRACTICE_GUIDE_RC1.pdf | assets/powerbi_reporting/C1_M06_POWERBI_DAX_REPORTING_PRACTICE_DATA_RC1.xlsx,True,assets/powerbi_reporting/C1_M06_POWERBI_DAX_REPORTING_PROTECTED_PRACTICE_REVIEW_RC1.pdf,True,assets/powerbi_reporting/C1_M06_POWERBI_DAX_REPORTING_TARGETED_REPAIR_CARDS_RC1.pdf,True,0,,True
powerbi_reporting,Power BI DAX / Reporting,PBD5,Time intelligence that you can defend,assets/powerbi_reporting/C1_M06_POWERBI_DAX_REPORTING_BEGINNER_FIRST_LEARNER_BOOK_RC1.pdf,True,41,18,True,C1_M06_POWERBI_DAX_REPORTING_PRACTICE_GUIDE_RC1.pdf,assets/powerbi_reporting/C1_M06_POWERBI_DAX_REPORTING_PRACTICE_GUIDE_RC1.pdf | assets/powerbi_reporting/C1_M06_POWERBI_DAX_REPORTING_PRACTICE_DATA_RC1.xlsx,True,assets/powerbi_reporting/C1_M06_POWERBI_DAX_REPORTING_PROTECTED_PRACTICE_REVIEW_RC1.pdf,True,assets/powerbi_reporting/C1_M06_POWERBI_DAX_REPORTING_TARGETED_REPAIR_CARDS_RC1.pdf,True,2,https://www.youtube.com/watch?v=ooJO7NW4uJU | https://learn.microsoft.com/en-us/dax/time-intelligence-functions-dax,True
powerbi_reporting,Power BI DAX / Reporting,PBD6,Visual selection and page hierarchy,assets/powerbi_reporting/C1_M06_POWERBI_DAX_REPORTING_BEGINNER_FIRST_LEARNER_BOOK_RC1.pdf,True,41,21,True,C1_M06_POWERBI_DAX_REPORTING_PRACTICE_GUIDE_RC1.pdf,assets/powerbi_reporting/C1_M06_POWERBI_DAX_REPORTING_PRACTICE_GUIDE_RC1.pdf | assets/powerbi_reporting/C1_M06_POWERBI_DAX_REPORTING_PRACTICE_DATA_RC1.xlsx,True,assets/powerbi_reporting/C1_M06_POWERBI_DAX_REPORTING_PROTECTED_PRACTICE_REVIEW_RC1.pdf,True,assets/powerbi_reporting/C1_M06_POWERBI_DAX_REPORTING_TARGETED_REPAIR_CARDS_RC1.pdf,True,1,https://www.youtube.com/watch?v=ooJO7NW4uJU,True
powerbi_reporting,Power BI DAX / Reporting,PBD7,Interactivity without confusion,assets/powerbi_reporting/C1_M06_POWERBI_DAX_REPORTING_BEGINNER_FIRST_LEARNER_BOOK_RC1.pdf,True,41,24,True,C1_M06_POWERBI_DAX_REPORTING_PRACTICE_GUIDE_RC1.pdf,assets/powerbi_reporting/C1_M06_POWERBI_DAX_REPORTING_PRACTICE_GUIDE_RC1.pdf | assets/powerbi_reporting/C1_M06_POWERBI_DAX_REPORTING_PRACTICE_DATA_RC1.xlsx,True,assets/powerbi_reporting/C1_M06_POWERBI_DAX_REPORTING_PROTECTED_PRACTICE_REVIEW_RC1.pdf,True,assets/powerbi_reporting/C1_M06_POWERBI_DAX_REPORTING_TARGETED_REPAIR_CARDS_RC1.pdf,True,1,https://www.youtube.com/watch?v=ooJO7NW4uJU,True
powerbi_reporting,Power BI DAX / Reporting,PBD8,Report validation: prove the story is true,assets/powerbi_reporting/C1_M06_POWERBI_DAX_REPORTING_BEGINNER_FIRST_LEARNER_BOOK_RC1.pdf,True,41,27,True,C1_M06_POWERBI_DAX_REPORTING_PRACTICE_GUIDE_RC1.pdf,assets/powerbi_reporting/C1_M06_POWERBI_DAX_REPORTING_PRACTICE_GUIDE_RC1.pdf | assets/powerbi_reporting/C1_M06_POWERBI_DAX_REPORTING_PRACTICE_DATA_RC1.xlsx,True,assets/powerbi_reporting/C1_M06_POWERBI_DAX_REPORTING_PROTECTED_PRACTICE_REVIEW_RC1.pdf,True,assets/powerbi_reporting/C1_M06_POWERBI_DAX_REPORTING_TARGETED_REPAIR_CARDS_RC1.pdf,True,0,,True
powerbi_reporting,Power BI DAX / Reporting,PBD9,"Publish, workspaces, refresh and sharing basics",assets/powerbi_reporting/C1_M06_POWERBI_DAX_REPORTING_BEGINNER_FIRST_LEARNER_BOOK_RC1.pdf,True,41,30,True,C1_M06_POWERBI_DAX_REPORTING_PRACTICE_GUIDE_RC1.pdf,assets/powerbi_reporting/C1_M06_POWERBI_DAX_REPORTING_PRACTICE_GUIDE_RC1.pdf | assets/powerbi_reporting/C1_M06_POWERBI_DAX_REPORTING_PRACTICE_DATA_RC1.xlsx,True,assets/powerbi_reporting/C1_M06_POWERBI_DAX_REPORTING_PROTECTED_PRACTICE_REVIEW_RC1.pdf,True,assets/powerbi_reporting/C1_M06_POWERBI_DAX_REPORTING_TARGETED_REPAIR_CARDS_RC1.pdf,True,3,https://learn.microsoft.com/en-us/power-bi/create-reports/desktop-upload-desktop-files | https://learn.microsoft.com/en-us/power-bi/connect-data/refresh-data | https://learn.microsoft.com/en-us/power-bi/connect-data/refresh-scheduled-refresh,True
powerbi_reporting,Power BI DAX / Reporting,PBD10,"RLS basics, handoff and defense",assets/powerbi_reporting/C1_M06_POWERBI_DAX_REPORTING_BEGINNER_FIRST_LEARNER_BOOK_RC1.pdf,True,41,33,True,C1_M06_POWERBI_DAX_REPORTING_PRACTICE_GUIDE_RC1.pdf,assets/powerbi_reporting/C1_M06_POWERBI_DAX_REPORTING_PRACTICE_GUIDE_RC1.pdf | assets/powerbi_reporting/C1_M06_POWERBI_DAX_REPORTING_PRACTICE_DATA_RC1.xlsx,True,assets/powerbi_reporting/C1_M06_POWERBI_DAX_REPORTING_PROTECTED_PRACTICE_REVIEW_RC1.pdf,True,assets/powerbi_reporting/C1_M06_POWERBI_DAX_REPORTING_TARGETED_REPAIR_CARDS_RC1.pdf,True,3,https://www.youtube.com/watch?v=MxU_FYSSnYU | https://learn.microsoft.com/en-us/fabric/security/service-admin-row-level-security | https://learn.microsoft.com/en-us/power-bi/guidance/rls-guidance,True
python,Python for Data Analysts,PY0,"Python, Jupyter and a reproducible analyst notebook",assets/python/C1_M07_PYTHON_FOR_ANALYSTS_BEGINNER_FIRST_LEARNER_BOOK_RC1.pdf,True,44,6,True,PY0,assets/python/C1_M07_PYTHON_FOR_ANALYSTS_CANONICAL_PRACTICE_NOTEBOOK_RC1.ipynb,True,assets/python/C1_M07_PYTHON_FOR_ANALYSTS_PROTECTED_PRACTICE_REVIEW_RC1.pdf,True,assets/python/C1_M07_PYTHON_FOR_ANALYSTS_TARGETED_REPAIR_CARDS_RC1.pdf,True,2,https://www.youtube.com/watch?v=PSNXoAs2FtQ | https://jupyter.org/install,True
python,Python for Data Analysts,PY1,"Practical Python basics: values, conditions, loops and functions",assets/python/C1_M07_PYTHON_FOR_ANALYSTS_BEGINNER_FIRST_LEARNER_BOOK_RC1.pdf,True,44,9,True,PY1,assets/python/C1_M07_PYTHON_FOR_ANALYSTS_CANONICAL_PRACTICE_NOTEBOOK_RC1.ipynb,True,assets/python/C1_M07_PYTHON_FOR_ANALYSTS_PROTECTED_PRACTICE_REVIEW_RC1.pdf,True,assets/python/C1_M07_PYTHON_FOR_ANALYSTS_TARGETED_REPAIR_CARDS_RC1.pdf,True,1,https://www.youtube.com/watch?v=PSNXoAs2FtQ,True
python,Python for Data Analysts,PY2,"pandas: load, inspect, select and filter",assets/python/C1_M07_PYTHON_FOR_ANALYSTS_BEGINNER_FIRST_LEARNER_BOOK_RC1.pdf,True,44,12,True,PY2,assets/python/C1_M07_PYTHON_FOR_ANALYSTS_CANONICAL_PRACTICE_NOTEBOOK_RC1.ipynb,True,assets/python/C1_M07_PYTHON_FOR_ANALYSTS_PROTECTED_PRACTICE_REVIEW_RC1.pdf,True,assets/python/C1_M07_PYTHON_FOR_ANALYSTS_TARGETED_REPAIR_CARDS_RC1.pdf,True,2,https://www.youtube.com/watch?v=dUpyC40cF6Q | https://pandas.pydata.org/docs/reference/api/pandas.read_csv.html,True
python,Python for Data Analysts,PY3,Data quality and cleaning in pandas,assets/python/C1_M07_PYTHON_FOR_ANALYSTS_BEGINNER_FIRST_LEARNER_BOOK_RC1.pdf,True,44,15,True,PY3,assets/python/C1_M07_PYTHON_FOR_ANALYSTS_CANONICAL_PRACTICE_NOTEBOOK_RC1.ipynb,True,assets/python/C1_M07_PYTHON_FOR_ANALYSTS_PROTECTED_PRACTICE_REVIEW_RC1.pdf,True,assets/python/C1_M07_PYTHON_FOR_ANALYSTS_TARGETED_REPAIR_CARDS_RC1.pdf,True,1,https://www.youtube.com/watch?v=PSNXoAs2FtQ,True
python,Python for Data Analysts,PY4,"GroupBy, aggregation and result grain",assets/python/C1_M07_PYTHON_FOR_ANALYSTS_BEGINNER_FIRST_LEARNER_BOOK_RC1.pdf,True,44,18,True,PY4,assets/python/C1_M07_PYTHON_FOR_ANALYSTS_CANONICAL_PRACTICE_NOTEBOOK_RC1.ipynb,True,assets/python/C1_M07_PYTHON_FOR_ANALYSTS_PROTECTED_PRACTICE_REVIEW_RC1.pdf,True,assets/python/C1_M07_PYTHON_FOR_ANALYSTS_TARGETED_REPAIR_CARDS_RC1.pdf,True,1,https://www.youtube.com/watch?v=PSNXoAs2FtQ,True
python,Python for Data Analysts,PY5,"Merge, concat and validation",assets/python/C1_M07_PYTHON_FOR_ANALYSTS_BEGINNER_FIRST_LEARNER_BOOK_RC1.pdf,True,44,21,True,PY5,assets/python/C1_M07_PYTHON_FOR_ANALYSTS_CANONICAL_PRACTICE_NOTEBOOK_RC1.ipynb,True,assets/python/C1_M07_PYTHON_FOR_ANALYSTS_PROTECTED_PRACTICE_REVIEW_RC1.pdf,True,assets/python/C1_M07_PYTHON_FOR_ANALYSTS_TARGETED_REPAIR_CARDS_RC1.pdf,True,2,https://www.youtube.com/watch?v=PSNXoAs2FtQ | https://pandas.pydata.org/docs/reference/api/pandas.merge.html,True
python,Python for Data Analysts,PY6,Reshape and time analysis,assets/python/C1_M07_PYTHON_FOR_ANALYSTS_BEGINNER_FIRST_LEARNER_BOOK_RC1.pdf,True,44,24,True,PY6,assets/python/C1_M07_PYTHON_FOR_ANALYSTS_CANONICAL_PRACTICE_NOTEBOOK_RC1.ipynb,True,assets/python/C1_M07_PYTHON_FOR_ANALYSTS_PROTECTED_PRACTICE_REVIEW_RC1.pdf,True,assets/python/C1_M07_PYTHON_FOR_ANALYSTS_TARGETED_REPAIR_CARDS_RC1.pdf,True,1,https://www.youtube.com/watch?v=PSNXoAs2FtQ,True
python,Python for Data Analysts,PY7,Visualization with pandas and Matplotlib,assets/python/C1_M07_PYTHON_FOR_ANALYSTS_BEGINNER_FIRST_LEARNER_BOOK_RC1.pdf,True,44,27,True,PY7,assets/python/C1_M07_PYTHON_FOR_ANALYSTS_CANONICAL_PRACTICE_NOTEBOOK_RC1.ipynb,True,assets/python/C1_M07_PYTHON_FOR_ANALYSTS_PROTECTED_PRACTICE_REVIEW_RC1.pdf,True,assets/python/C1_M07_PYTHON_FOR_ANALYSTS_TARGETED_REPAIR_CARDS_RC1.pdf,True,2,https://www.youtube.com/watch?v=PSNXoAs2FtQ | https://matplotlib.org/stable/plot_types/,True
python,Python for Data Analysts,PY8,Exploratory data analysis (EDA),assets/python/C1_M07_PYTHON_FOR_ANALYSTS_BEGINNER_FIRST_LEARNER_BOOK_RC1.pdf,True,44,30,True,PY8,assets/python/C1_M07_PYTHON_FOR_ANALYSTS_CANONICAL_PRACTICE_NOTEBOOK_RC1.ipynb,True,assets/python/C1_M07_PYTHON_FOR_ANALYSTS_PROTECTED_PRACTICE_REVIEW_RC1.pdf,True,assets/python/C1_M07_PYTHON_FOR_ANALYSTS_TARGETED_REPAIR_CARDS_RC1.pdf,True,1,https://www.youtube.com/watch?v=Liv6eeb1VfE,True
python,Python for Data Analysts,PY9,"Notebook quality, outputs and reproducibility",assets/python/C1_M07_PYTHON_FOR_ANALYSTS_BEGINNER_FIRST_LEARNER_BOOK_RC1.pdf,True,44,33,True,PY9,assets/python/C1_M07_PYTHON_FOR_ANALYSTS_CANONICAL_PRACTICE_NOTEBOOK_RC1.ipynb,True,assets/python/C1_M07_PYTHON_FOR_ANALYSTS_PROTECTED_PRACTICE_REVIEW_RC1.pdf,True,assets/python/C1_M07_PYTHON_FOR_ANALYSTS_TARGETED_REPAIR_CARDS_RC1.pdf,True,1,https://pandas.pydata.org/docs/reference/api/pandas.DataFrame.to_csv.html,True
python,Python for Data Analysts,PY10,Integrated analyst workflow in Python,assets/python/C1_M07_PYTHON_FOR_ANALYSTS_BEGINNER_FIRST_LEARNER_BOOK_RC1.pdf,True,44,36,True,PY10,assets/python/C1_M07_PYTHON_FOR_ANALYSTS_CANONICAL_PRACTICE_NOTEBOOK_RC1.ipynb,True,assets/python/C1_M07_PYTHON_FOR_ANALYSTS_PROTECTED_PRACTICE_REVIEW_RC1.pdf,True,assets/python/C1_M07_PYTHON_FOR_ANALYSTS_TARGETED_REPAIR_CARDS_RC1.pdf,True,0,,True
statistics,Statistics & Experimental Thinking,STAT1,"Descriptive statistics: center, spread and outliers",assets/statistics/C1_M08_STATISTICS_BEGINNER_FIRST_LEARNER_BOOK_RC1.pdf,True,38,6,True,STAT1_Descriptive,assets/statistics/C1_M08_STATISTICS_CANONICAL_PRACTICE_WORKBOOK_RC1.xlsx | assets/statistics/C1_M08_STATISTICS_VISUAL_SIMULATION_NOTEBOOK_RC1.ipynb,True,assets/statistics/C1_M08_STATISTICS_PROTECTED_PRACTICE_REVIEW_RC1.pdf,True,assets/statistics/C1_M08_STATISTICS_TARGETED_REPAIR_CARDS_RC1.pdf,True,1,https://www.youtube.com/watch?v=SzZ6GpcfoQY,True
statistics,Statistics & Experimental Thinking,STAT2,"Distributions, percentiles, normal models and z-scores",assets/statistics/C1_M08_STATISTICS_BEGINNER_FIRST_LEARNER_BOOK_RC1.pdf,True,38,9,True,STAT2_Distributions,assets/statistics/C1_M08_STATISTICS_CANONICAL_PRACTICE_WORKBOOK_RC1.xlsx | assets/statistics/C1_M08_STATISTICS_VISUAL_SIMULATION_NOTEBOOK_RC1.ipynb,True,assets/statistics/C1_M08_STATISTICS_PROTECTED_PRACTICE_REVIEW_RC1.pdf,True,assets/statistics/C1_M08_STATISTICS_TARGETED_REPAIR_CARDS_RC1.pdf,True,1,https://www.youtube.com/watch?v=rzFX5NWojp0,True
statistics,Statistics & Experimental Thinking,STAT3,"Population, samples and sampling bias",assets/statistics/C1_M08_STATISTICS_BEGINNER_FIRST_LEARNER_BOOK_RC1.pdf,True,38,12,True,STAT3_Sampling_Bias,assets/statistics/C1_M08_STATISTICS_CANONICAL_PRACTICE_WORKBOOK_RC1.xlsx | assets/statistics/C1_M08_STATISTICS_VISUAL_SIMULATION_NOTEBOOK_RC1.ipynb,True,assets/statistics/C1_M08_STATISTICS_PROTECTED_PRACTICE_REVIEW_RC1.pdf,True,assets/statistics/C1_M08_STATISTICS_TARGETED_REPAIR_CARDS_RC1.pdf,True,1,https://www.youtube.com/watch?v=XLCWeSVzHUU,True
statistics,Statistics & Experimental Thinking,STAT4,"Sampling distributions, standard error and the CLT",assets/statistics/C1_M08_STATISTICS_BEGINNER_FIRST_LEARNER_BOOK_RC1.pdf,True,38,15,True,STAT4_CLT_SE,assets/statistics/C1_M08_STATISTICS_CANONICAL_PRACTICE_WORKBOOK_RC1.xlsx | assets/statistics/C1_M08_STATISTICS_VISUAL_SIMULATION_NOTEBOOK_RC1.ipynb,True,assets/statistics/C1_M08_STATISTICS_PROTECTED_PRACTICE_REVIEW_RC1.pdf,True,assets/statistics/C1_M08_STATISTICS_TARGETED_REPAIR_CARDS_RC1.pdf,True,1,https://www.youtube.com/watch?v=YAlJCEDH2uY,True
statistics,Statistics & Experimental Thinking,STAT5,Confidence intervals and uncertainty,assets/statistics/C1_M08_STATISTICS_BEGINNER_FIRST_LEARNER_BOOK_RC1.pdf,True,38,18,True,STAT5_Confidence_Intervals,assets/statistics/C1_M08_STATISTICS_CANONICAL_PRACTICE_WORKBOOK_RC1.xlsx | assets/statistics/C1_M08_STATISTICS_VISUAL_SIMULATION_NOTEBOOK_RC1.ipynb,True,assets/statistics/C1_M08_STATISTICS_PROTECTED_PRACTICE_REVIEW_RC1.pdf,True,assets/statistics/C1_M08_STATISTICS_TARGETED_REPAIR_CARDS_RC1.pdf,True,1,https://www.youtube.com/watch?v=TqOeMYtOc1w,True
statistics,Statistics & Experimental Thinking,STAT6,"Hypothesis testing, null hypothesis and p-values",assets/statistics/C1_M08_STATISTICS_BEGINNER_FIRST_LEARNER_BOOK_RC1.pdf,True,38,21,True,STAT6_Hypothesis_PValue,assets/statistics/C1_M08_STATISTICS_CANONICAL_PRACTICE_WORKBOOK_RC1.xlsx | assets/statistics/C1_M08_STATISTICS_VISUAL_SIMULATION_NOTEBOOK_RC1.ipynb,True,assets/statistics/C1_M08_STATISTICS_PROTECTED_PRACTICE_REVIEW_RC1.pdf,True,assets/statistics/C1_M08_STATISTICS_TARGETED_REPAIR_CARDS_RC1.pdf,True,2,https://www.youtube.com/watch?v=0oc49DyA3hU | https://www.youtube.com/watch?v=vemZtEM63GY,True
statistics,Statistics & Experimental Thinking,STAT7,"Effect size, practical significance and decision thresholds",assets/statistics/C1_M08_STATISTICS_BEGINNER_FIRST_LEARNER_BOOK_RC1.pdf,True,38,24,True,STAT7_Effect_Business,assets/statistics/C1_M08_STATISTICS_CANONICAL_PRACTICE_WORKBOOK_RC1.xlsx | assets/statistics/C1_M08_STATISTICS_VISUAL_SIMULATION_NOTEBOOK_RC1.ipynb,True,assets/statistics/C1_M08_STATISTICS_PROTECTED_PRACTICE_REVIEW_RC1.pdf,True,assets/statistics/C1_M08_STATISTICS_TARGETED_REPAIR_CARDS_RC1.pdf,True,1,https://www.youtube.com/watch?v=vemZtEM63GY,True
statistics,Statistics & Experimental Thinking,STAT8,"Correlation, confounding and causal claims",assets/statistics/C1_M08_STATISTICS_BEGINNER_FIRST_LEARNER_BOOK_RC1.pdf,True,38,27,True,STAT8_Correlation_Causality,assets/statistics/C1_M08_STATISTICS_CANONICAL_PRACTICE_WORKBOOK_RC1.xlsx | assets/statistics/C1_M08_STATISTICS_VISUAL_SIMULATION_NOTEBOOK_RC1.ipynb,True,assets/statistics/C1_M08_STATISTICS_PROTECTED_PRACTICE_REVIEW_RC1.pdf,True,assets/statistics/C1_M08_STATISTICS_TARGETED_REPAIR_CARDS_RC1.pdf,True,2,https://www.youtube.com/watch?v=xZ_z8KWkhXE | https://www.youtube.com/watch?v=ROpbdO-gRUo,True
statistics,Statistics & Experimental Thinking,STAT9,A/B tests and experimental thinking,assets/statistics/C1_M08_STATISTICS_BEGINNER_FIRST_LEARNER_BOOK_RC1.pdf,True,38,30,True,STAT9_AB_Design,assets/statistics/C1_M08_STATISTICS_CANONICAL_PRACTICE_WORKBOOK_RC1.xlsx | assets/statistics/C1_M08_STATISTICS_VISUAL_SIMULATION_NOTEBOOK_RC1.ipynb,True,assets/statistics/C1_M08_STATISTICS_PROTECTED_PRACTICE_REVIEW_RC1.pdf,True,assets/statistics/C1_M08_STATISTICS_TARGETED_REPAIR_CARDS_RC1.pdf,True,1,https://www.youtube.com/watch?v=ROpbdO-gRUo,True
business_analysis,Integrated Business Analysis & Communication,IBA1,Stakeholder request -> decision-focused Analysis Brief,assets/business_analysis/C1_M09_BUSINESS_ANALYSIS_BEGINNER_FIRST_LEARNER_BOOK_RC1.pdf,True,40,6,True,IBA1_Analysis_Brief,assets/business_analysis/C1_M09_BUSINESS_ANALYSIS_CANONICAL_PRACTICE_WORKBOOK_RC1.xlsx,True,assets/business_analysis/C1_M09_BUSINESS_ANALYSIS_PROTECTED_PRACTICE_REVIEW_RC1.pdf,True,assets/business_analysis/C1_M09_BUSINESS_ANALYSIS_TARGETED_REPAIR_CARDS_RC1.pdf,True,0,,True
business_analysis,Integrated Business Analysis & Communication,IBA2,"KPI trees, metric definitions and driver logic",assets/business_analysis/C1_M09_BUSINESS_ANALYSIS_BEGINNER_FIRST_LEARNER_BOOK_RC1.pdf,True,40,9,True,IBA2_KPI_Definitions,assets/business_analysis/C1_M09_BUSINESS_ANALYSIS_CANONICAL_PRACTICE_WORKBOOK_RC1.xlsx,True,assets/business_analysis/C1_M09_BUSINESS_ANALYSIS_PROTECTED_PRACTICE_REVIEW_RC1.pdf,True,assets/business_analysis/C1_M09_BUSINESS_ANALYSIS_TARGETED_REPAIR_CARDS_RC1.pdf,True,0,,True
business_analysis,Integrated Business Analysis & Communication,IBA3,Analysis planning and prioritization,assets/business_analysis/C1_M09_BUSINESS_ANALYSIS_BEGINNER_FIRST_LEARNER_BOOK_RC1.pdf,True,40,12,True,IBA3_Analysis_Plan,assets/business_analysis/C1_M09_BUSINESS_ANALYSIS_CANONICAL_PRACTICE_WORKBOOK_RC1.xlsx,True,assets/business_analysis/C1_M09_BUSINESS_ANALYSIS_PROTECTED_PRACTICE_REVIEW_RC1.pdf,True,assets/business_analysis/C1_M09_BUSINESS_ANALYSIS_TARGETED_REPAIR_CARDS_RC1.pdf,True,0,,True
business_analysis,Integrated Business Analysis & Communication,IBA4,"Diagnostic analysis: comparison, trend, segment and variance",assets/business_analysis/C1_M09_BUSINESS_ANALYSIS_BEGINNER_FIRST_LEARNER_BOOK_RC1.pdf,True,40,15,True,IBA4_Diagnostic,assets/business_analysis/C1_M09_BUSINESS_ANALYSIS_CANONICAL_PRACTICE_WORKBOOK_RC1.xlsx,True,assets/business_analysis/C1_M09_BUSINESS_ANALYSIS_PROTECTED_PRACTICE_REVIEW_RC1.pdf,True,assets/business_analysis/C1_M09_BUSINESS_ANALYSIS_TARGETED_REPAIR_CARDS_RC1.pdf,True,1,https://www.youtube.com/watch?v=IfKlOC5HSHI,True
business_analysis,Integrated Business Analysis & Communication,IBA5,Root-cause discipline and causal boundaries,assets/business_analysis/C1_M09_BUSINESS_ANALYSIS_BEGINNER_FIRST_LEARNER_BOOK_RC1.pdf,True,40,18,True,IBA5_Causal_Boundary,assets/business_analysis/C1_M09_BUSINESS_ANALYSIS_CANONICAL_PRACTICE_WORKBOOK_RC1.xlsx,True,assets/business_analysis/C1_M09_BUSINESS_ANALYSIS_PROTECTED_PRACTICE_REVIEW_RC1.pdf,True,assets/business_analysis/C1_M09_BUSINESS_ANALYSIS_TARGETED_REPAIR_CARDS_RC1.pdf,True,0,,True
business_analysis,Integrated Business Analysis & Communication,IBA6,Observation -> insight -> implication,assets/business_analysis/C1_M09_BUSINESS_ANALYSIS_BEGINNER_FIRST_LEARNER_BOOK_RC1.pdf,True,40,21,True,IBA6_Insight_Chain,assets/business_analysis/C1_M09_BUSINESS_ANALYSIS_CANONICAL_PRACTICE_WORKBOOK_RC1.xlsx,True,assets/business_analysis/C1_M09_BUSINESS_ANALYSIS_PROTECTED_PRACTICE_REVIEW_RC1.pdf,True,assets/business_analysis/C1_M09_BUSINESS_ANALYSIS_TARGETED_REPAIR_CARDS_RC1.pdf,True,1,https://www.youtube.com/watch?v=IfKlOC5HSHI,True
business_analysis,Integrated Business Analysis & Communication,IBA7,Recommendations that can actually be executed,assets/business_analysis/C1_M09_BUSINESS_ANALYSIS_BEGINNER_FIRST_LEARNER_BOOK_RC1.pdf,True,40,24,True,IBA7_Recommendation,assets/business_analysis/C1_M09_BUSINESS_ANALYSIS_CANONICAL_PRACTICE_WORKBOOK_RC1.xlsx,True,assets/business_analysis/C1_M09_BUSINESS_ANALYSIS_PROTECTED_PRACTICE_REVIEW_RC1.pdf,True,assets/business_analysis/C1_M09_BUSINESS_ANALYSIS_TARGETED_REPAIR_CARDS_RC1.pdf,True,0,,True
business_analysis,Integrated Business Analysis & Communication,IBA8,"Executive writing: headline, evidence and one-page memo",assets/business_analysis/C1_M09_BUSINESS_ANALYSIS_BEGINNER_FIRST_LEARNER_BOOK_RC1.pdf,True,40,27,True,IBA8_Executive_Memo,assets/business_analysis/C1_M09_BUSINESS_ANALYSIS_CANONICAL_PRACTICE_WORKBOOK_RC1.xlsx,True,assets/business_analysis/C1_M09_BUSINESS_ANALYSIS_PROTECTED_PRACTICE_REVIEW_RC1.pdf,True,assets/business_analysis/C1_M09_BUSINESS_ANALYSIS_TARGETED_REPAIR_CARDS_RC1.pdf,True,0,,True
business_analysis,Integrated Business Analysis & Communication,IBA9,Data storytelling and visual hierarchy,assets/business_analysis/C1_M09_BUSINESS_ANALYSIS_BEGINNER_FIRST_LEARNER_BOOK_RC1.pdf,True,40,30,True,IBA9_Story_Plan,assets/business_analysis/C1_M09_BUSINESS_ANALYSIS_CANONICAL_PRACTICE_WORKBOOK_RC1.xlsx,True,assets/business_analysis/C1_M09_BUSINESS_ANALYSIS_PROTECTED_PRACTICE_REVIEW_RC1.pdf,True,assets/business_analysis/C1_M09_BUSINESS_ANALYSIS_TARGETED_REPAIR_CARDS_RC1.pdf,True,3,https://www.youtube.com/watch?v=Hfx1X9WSGYQ | https://www.youtube.com/watch?v=CfBHKy2sebQ | https://www.youtube.com/watch?v=kfGbI9wovZk,True
business_analysis,Integrated Business Analysis & Communication,IBA10,"Stakeholder defense: questions, pushback and uncertainty",assets/business_analysis/C1_M09_BUSINESS_ANALYSIS_BEGINNER_FIRST_LEARNER_BOOK_RC1.pdf,True,40,33,True,IBA10_Defense,assets/business_analysis/C1_M09_BUSINESS_ANALYSIS_CANONICAL_PRACTICE_WORKBOOK_RC1.xlsx,True,assets/business_analysis/C1_M09_BUSINESS_ANALYSIS_PROTECTED_PRACTICE_REVIEW_RC1.pdf,True,assets/business_analysis/C1_M09_BUSINESS_ANALYSIS_TARGETED_REPAIR_CARDS_RC1.pdf,True,0,,True
business_analysis,Integrated Business Analysis & Communication,IBA11,Integrated case: analysis -> decision -> communication,assets/business_analysis/C1_M09_BUSINESS_ANALYSIS_BEGINNER_FIRST_LEARNER_BOOK_RC1.pdf,True,40,36,True,IBA11_Integrated_Case,assets/business_analysis/C1_M09_BUSINESS_ANALYSIS_CANONICAL_PRACTICE_WORKBOOK_RC1.xlsx,True,assets/business_analysis/C1_M09_BUSINESS_ANALYSIS_PROTECTED_PRACTICE_REVIEW_RC1.pdf,True,assets/business_analysis/C1_M09_BUSINESS_ANALYSIS_TARGETED_REPAIR_CARDS_RC1.pdf,True,1,https://www.youtube.com/watch?v=IfKlOC5HSHI,True
ai_assisted,AI-Assisted Analyst & Modern Awareness,AIA0,What AI is for in analyst work,assets/ai_assisted/C1_M10_AI_ASSISTED_ANALYTICS_BEGINNER_FIRST_LEARNER_BOOK_RC1.pdf,True,37,6,True,AIA0_Tool_Risk_Matrix,assets/ai_assisted/C1_M10_AI_ASSISTED_ANALYTICS_CANONICAL_PRACTICE_WORKBOOK_RC1.xlsx,True,assets/ai_assisted/C1_M10_AI_ASSISTED_ANALYTICS_PROTECTED_PRACTICE_REVIEW_RC1.pdf,True,assets/ai_assisted/C1_M10_AI_ASSISTED_ANALYTICS_TARGETED_REPAIR_CARDS_RC1.pdf,True,0,,True
ai_assisted,AI-Assisted Analyst & Modern Awareness,AIA1,"Prompt design: outcome, context, constraints and verification",assets/ai_assisted/C1_M10_AI_ASSISTED_ANALYTICS_BEGINNER_FIRST_LEARNER_BOOK_RC1.pdf,True,37,9,True,AIA1_Prompt_Lab,assets/ai_assisted/C1_M10_AI_ASSISTED_ANALYTICS_CANONICAL_PRACTICE_WORKBOOK_RC1.xlsx,True,assets/ai_assisted/C1_M10_AI_ASSISTED_ANALYTICS_PROTECTED_PRACTICE_REVIEW_RC1.pdf,True,assets/ai_assisted/C1_M10_AI_ASSISTED_ANALYTICS_TARGETED_REPAIR_CARDS_RC1.pdf,True,2,https://openai.com/academy/data-analysis/ | https://help.openai.com/en/articles/8437071,True
ai_assisted,AI-Assisted Analyst & Modern Awareness,AIA2,Verify AI analysis and file-based answers,assets/ai_assisted/C1_M10_AI_ASSISTED_ANALYTICS_BEGINNER_FIRST_LEARNER_BOOK_RC1.pdf,True,37,12,True,AIA2_Output_Audit,assets/ai_assisted/C1_M10_AI_ASSISTED_ANALYTICS_CANONICAL_PRACTICE_WORKBOOK_RC1.xlsx,True,assets/ai_assisted/C1_M10_AI_ASSISTED_ANALYTICS_PROTECTED_PRACTICE_REVIEW_RC1.pdf,True,assets/ai_assisted/C1_M10_AI_ASSISTED_ANALYTICS_TARGETED_REPAIR_CARDS_RC1.pdf,True,1,https://help.openai.com/en/articles/8555545-uploading-files-with-advanced-data-analysis-in-chatgpt,True
ai_assisted,AI-Assisted Analyst & Modern Awareness,AIA3,"AI-generated Excel, SQL, Python and DAX",assets/ai_assisted/C1_M10_AI_ASSISTED_ANALYTICS_BEGINNER_FIRST_LEARNER_BOOK_RC1.pdf,True,37,15,True,AIA3_Code_Audit,assets/ai_assisted/C1_M10_AI_ASSISTED_ANALYTICS_CANONICAL_PRACTICE_WORKBOOK_RC1.xlsx,True,assets/ai_assisted/C1_M10_AI_ASSISTED_ANALYTICS_PROTECTED_PRACTICE_REVIEW_RC1.pdf,True,assets/ai_assisted/C1_M10_AI_ASSISTED_ANALYTICS_TARGETED_REPAIR_CARDS_RC1.pdf,True,1,https://www.youtube.com/watch?v=OT1RErkfLNQ,True
ai_assisted,AI-Assisted Analyst & Modern Awareness,AIA4,"AI-assisted analysis: plan, hypotheses and exploration",assets/ai_assisted/C1_M10_AI_ASSISTED_ANALYTICS_BEGINNER_FIRST_LEARNER_BOOK_RC1.pdf,True,37,18,True,AIA4_Analysis_Plan,assets/ai_assisted/C1_M10_AI_ASSISTED_ANALYTICS_CANONICAL_PRACTICE_WORKBOOK_RC1.xlsx,True,assets/ai_assisted/C1_M10_AI_ASSISTED_ANALYTICS_PROTECTED_PRACTICE_REVIEW_RC1.pdf,True,assets/ai_assisted/C1_M10_AI_ASSISTED_ANALYTICS_TARGETED_REPAIR_CARDS_RC1.pdf,True,1,https://openai.com/academy/data-analysis/,True
ai_assisted,AI-Assisted Analyst & Modern Awareness,AIA5,"Hallucinations, citations and source hierarchy",assets/ai_assisted/C1_M10_AI_ASSISTED_ANALYTICS_BEGINNER_FIRST_LEARNER_BOOK_RC1.pdf,True,37,21,True,AIA5_Source_Hierarchy,assets/ai_assisted/C1_M10_AI_ASSISTED_ANALYTICS_CANONICAL_PRACTICE_WORKBOOK_RC1.xlsx,True,assets/ai_assisted/C1_M10_AI_ASSISTED_ANALYTICS_PROTECTED_PRACTICE_REVIEW_RC1.pdf,True,assets/ai_assisted/C1_M10_AI_ASSISTED_ANALYTICS_TARGETED_REPAIR_CARDS_RC1.pdf,True,0,,True
ai_assisted,AI-Assisted Analyst & Modern Awareness,AIA6,"Privacy, confidentiality and data minimization",assets/ai_assisted/C1_M10_AI_ASSISTED_ANALYTICS_BEGINNER_FIRST_LEARNER_BOOK_RC1.pdf,True,37,24,True,AIA6_Privacy_Minimization,assets/ai_assisted/C1_M10_AI_ASSISTED_ANALYTICS_CANONICAL_PRACTICE_WORKBOOK_RC1.xlsx,True,assets/ai_assisted/C1_M10_AI_ASSISTED_ANALYTICS_PROTECTED_PRACTICE_REVIEW_RC1.pdf,True,assets/ai_assisted/C1_M10_AI_ASSISTED_ANALYTICS_TARGETED_REPAIR_CARDS_RC1.pdf,True,2,https://help.openai.com/en/articles/7730893-data-controls-faq | https://help.openai.com/en/articles/5722486-how-your-data-is-used-,True
ai_assisted,AI-Assisted Analyst & Modern Awareness,AIA7,AI-assisted communication and documentation,assets/ai_assisted/C1_M10_AI_ASSISTED_ANALYTICS_BEGINNER_FIRST_LEARNER_BOOK_RC1.pdf,True,37,27,True,AIA7_Communication_Log,assets/ai_assisted/C1_M10_AI_ASSISTED_ANALYTICS_CANONICAL_PRACTICE_WORKBOOK_RC1.xlsx,True,assets/ai_assisted/C1_M10_AI_ASSISTED_ANALYTICS_PROTECTED_PRACTICE_REVIEW_RC1.pdf,True,assets/ai_assisted/C1_M10_AI_ASSISTED_ANALYTICS_TARGETED_REPAIR_CARDS_RC1.pdf,True,0,,True
ai_assisted,AI-Assisted Analyst & Modern Awareness,AIA8,"Modern analyst AI surfaces: know them, do not depend on them",assets/ai_assisted/C1_M10_AI_ASSISTED_ANALYTICS_BEGINNER_FIRST_LEARNER_BOOK_RC1.pdf,True,37,30,True,AIA8_Modern_Surfaces,assets/ai_assisted/C1_M10_AI_ASSISTED_ANALYTICS_CANONICAL_PRACTICE_WORKBOOK_RC1.xlsx,True,assets/ai_assisted/C1_M10_AI_ASSISTED_ANALYTICS_PROTECTED_PRACTICE_REVIEW_RC1.pdf,True,assets/ai_assisted/C1_M10_AI_ASSISTED_ANALYTICS_TARGETED_REPAIR_CARDS_RC1.pdf,True,5,https://www.youtube.com/watch?v=sfkyiXvlYL0 | https://openai.com/index/chatgpt-for-excel/ | https://help.openai.com/en/articles/20001278-creating-and-editing-documents-spreadsheets-and-presentations-with-chatgpt-work | https://support.microsoft.com/en-us/excel/copilot/get-started-with-copilot-in-excel | https://learn.microsoft.com/en-us/power-bi/create-reports/copilot-reports-overview,True
ai_assisted,AI-Assisted Analyst & Modern Awareness,AIA9,Integrated AI-assisted analyst workflow,assets/ai_assisted/C1_M10_AI_ASSISTED_ANALYTICS_BEGINNER_FIRST_LEARNER_BOOK_RC1.pdf,True,37,33,True,AIA9_Integrated_Workflow,assets/ai_assisted/C1_M10_AI_ASSISTED_ANALYTICS_CANONICAL_PRACTICE_WORKBOOK_RC1.xlsx,True,assets/ai_assisted/C1_M10_AI_ASSISTED_ANALYTICS_PROTECTED_PRACTICE_REVIEW_RC1.pdf,True,assets/ai_assisted/C1_M10_AI_ASSISTED_ANALYTICS_TARGETED_REPAIR_CARDS_RC1.pdf,True,0,,True
portfolio_hiring,"Portfolio, Capstone & Hiring",PCH1,What a fresher portfolio must prove,assets/portfolio_hiring/C1_M11_PORTFOLIO_CAPSTONE_HIRING_BEGINNER_FIRST_LEARNER_BOOK_RC1.pdf,True,49,6,True,PCH1_Portfolio_Proof,assets/portfolio_hiring/C1_M11_PORTFOLIO_CAPSTONE_HIRING_CANONICAL_PRACTICE_WORKBOOK_RC1.xlsx | assets/portfolio_hiring/C1_M11_PORTFOLIO_BUILDER_RC1.xlsx | assets/portfolio_hiring/C1_M11_JOB_APPLICATION_TRACKER_RC1.xlsx | assets/portfolio_hiring/C1_M11_DATA_ANALYST_INTERVIEW_HIRING_HANDBOOK_RC1.pdf,True,assets/portfolio_hiring/C1_M11_PORTFOLIO_CAPSTONE_HIRING_PROTECTED_PRACTICE_REVIEW_RC1.pdf,True,assets/portfolio_hiring/C1_M11_PORTFOLIO_CAPSTONE_HIRING_TARGETED_REPAIR_CARDS_RC1.pdf,True,0,,True
portfolio_hiring,"Portfolio, Capstone & Hiring",PCH2,Choose projects with different business stories,assets/portfolio_hiring/C1_M11_PORTFOLIO_CAPSTONE_HIRING_BEGINNER_FIRST_LEARNER_BOOK_RC1.pdf,True,49,9,True,PCH2_Project_Selection,assets/portfolio_hiring/C1_M11_PORTFOLIO_CAPSTONE_HIRING_CANONICAL_PRACTICE_WORKBOOK_RC1.xlsx | assets/portfolio_hiring/C1_M11_PORTFOLIO_BUILDER_RC1.xlsx | assets/portfolio_hiring/C1_M11_JOB_APPLICATION_TRACKER_RC1.xlsx | assets/portfolio_hiring/C1_M11_DATA_ANALYST_INTERVIEW_HIRING_HANDBOOK_RC1.pdf,True,assets/portfolio_hiring/C1_M11_PORTFOLIO_CAPSTONE_HIRING_PROTECTED_PRACTICE_REVIEW_RC1.pdf,True,assets/portfolio_hiring/C1_M11_PORTFOLIO_CAPSTONE_HIRING_TARGETED_REPAIR_CARDS_RC1.pdf,True,0,,True
portfolio_hiring,"Portfolio, Capstone & Hiring",PCH3,Build a GitHub project repository recruiters can inspect,assets/portfolio_hiring/C1_M11_PORTFOLIO_CAPSTONE_HIRING_BEGINNER_FIRST_LEARNER_BOOK_RC1.pdf,True,49,12,True,PCH3_Repo_Audit,assets/portfolio_hiring/C1_M11_PORTFOLIO_CAPSTONE_HIRING_CANONICAL_PRACTICE_WORKBOOK_RC1.xlsx | assets/portfolio_hiring/C1_M11_PORTFOLIO_BUILDER_RC1.xlsx | assets/portfolio_hiring/C1_M11_JOB_APPLICATION_TRACKER_RC1.xlsx | assets/portfolio_hiring/C1_M11_DATA_ANALYST_INTERVIEW_HIRING_HANDBOOK_RC1.pdf,True,assets/portfolio_hiring/C1_M11_PORTFOLIO_CAPSTONE_HIRING_PROTECTED_PRACTICE_REVIEW_RC1.pdf,True,assets/portfolio_hiring/C1_M11_PORTFOLIO_CAPSTONE_HIRING_TARGETED_REPAIR_CARDS_RC1.pdf,True,2,https://docs.github.com/en/account-and-profile/how-tos/profile-customization/managing-your-profile-readme | https://docs.github.com/en/repositories/managing-your-repositorys-settings-and-features/customizing-your-repository/about-readmes,True
portfolio_hiring,"Portfolio, Capstone & Hiring",PCH4,Write the project README as a business case,assets/portfolio_hiring/C1_M11_PORTFOLIO_CAPSTONE_HIRING_BEGINNER_FIRST_LEARNER_BOOK_RC1.pdf,True,49,15,True,PCH4_README,assets/portfolio_hiring/C1_M11_PORTFOLIO_CAPSTONE_HIRING_CANONICAL_PRACTICE_WORKBOOK_RC1.xlsx | assets/portfolio_hiring/C1_M11_PORTFOLIO_BUILDER_RC1.xlsx | assets/portfolio_hiring/C1_M11_JOB_APPLICATION_TRACKER_RC1.xlsx | assets/portfolio_hiring/C1_M11_DATA_ANALYST_INTERVIEW_HIRING_HANDBOOK_RC1.pdf,True,assets/portfolio_hiring/C1_M11_PORTFOLIO_CAPSTONE_HIRING_PROTECTED_PRACTICE_REVIEW_RC1.pdf,True,assets/portfolio_hiring/C1_M11_PORTFOLIO_CAPSTONE_HIRING_TARGETED_REPAIR_CARDS_RC1.pdf,True,1,https://www.youtube.com/watch?v=qfyynHBFOsM,True
portfolio_hiring,"Portfolio, Capstone & Hiring",PCH5,Project validation before publishing,assets/portfolio_hiring/C1_M11_PORTFOLIO_CAPSTONE_HIRING_BEGINNER_FIRST_LEARNER_BOOK_RC1.pdf,True,49,18,True,PCH5_Publication_QA,assets/portfolio_hiring/C1_M11_PORTFOLIO_CAPSTONE_HIRING_CANONICAL_PRACTICE_WORKBOOK_RC1.xlsx | assets/portfolio_hiring/C1_M11_PORTFOLIO_BUILDER_RC1.xlsx | assets/portfolio_hiring/C1_M11_JOB_APPLICATION_TRACKER_RC1.xlsx | assets/portfolio_hiring/C1_M11_DATA_ANALYST_INTERVIEW_HIRING_HANDBOOK_RC1.pdf,True,assets/portfolio_hiring/C1_M11_PORTFOLIO_CAPSTONE_HIRING_PROTECTED_PRACTICE_REVIEW_RC1.pdf,True,assets/portfolio_hiring/C1_M11_PORTFOLIO_CAPSTONE_HIRING_TARGETED_REPAIR_CARDS_RC1.pdf,True,0,,True
portfolio_hiring,"Portfolio, Capstone & Hiring",PCH6,Final capstone: independent end-to-end analyst work,assets/portfolio_hiring/C1_M11_PORTFOLIO_CAPSTONE_HIRING_BEGINNER_FIRST_LEARNER_BOOK_RC1.pdf,True,49,21,True,PCH6_Capstone_Route,assets/portfolio_hiring/C1_M11_PORTFOLIO_CAPSTONE_HIRING_CANONICAL_PRACTICE_WORKBOOK_RC1.xlsx | assets/portfolio_hiring/C1_M11_PORTFOLIO_BUILDER_RC1.xlsx | assets/portfolio_hiring/C1_M11_JOB_APPLICATION_TRACKER_RC1.xlsx | assets/portfolio_hiring/C1_M11_DATA_ANALYST_INTERVIEW_HIRING_HANDBOOK_RC1.pdf,True,assets/portfolio_hiring/C1_M11_PORTFOLIO_CAPSTONE_HIRING_PROTECTED_PRACTICE_REVIEW_RC1.pdf,True,assets/portfolio_hiring/C1_M11_PORTFOLIO_CAPSTONE_HIRING_TARGETED_REPAIR_CARDS_RC1.pdf,True,0,,True
portfolio_hiring,"Portfolio, Capstone & Hiring",PCH7,Resume for a junior Data Analyst,assets/portfolio_hiring/C1_M11_PORTFOLIO_CAPSTONE_HIRING_BEGINNER_FIRST_LEARNER_BOOK_RC1.pdf,True,49,24,True,PCH7_Resume_Audit,assets/portfolio_hiring/C1_M11_PORTFOLIO_CAPSTONE_HIRING_CANONICAL_PRACTICE_WORKBOOK_RC1.xlsx | assets/portfolio_hiring/C1_M11_PORTFOLIO_BUILDER_RC1.xlsx | assets/portfolio_hiring/C1_M11_JOB_APPLICATION_TRACKER_RC1.xlsx | assets/portfolio_hiring/C1_M11_DATA_ANALYST_INTERVIEW_HIRING_HANDBOOK_RC1.pdf,True,assets/portfolio_hiring/C1_M11_PORTFOLIO_CAPSTONE_HIRING_PROTECTED_PRACTICE_REVIEW_RC1.pdf,True,assets/portfolio_hiring/C1_M11_PORTFOLIO_CAPSTONE_HIRING_TARGETED_REPAIR_CARDS_RC1.pdf,True,1,https://www.youtube.com/watch?v=WizLaDdsHUs,True
portfolio_hiring,"Portfolio, Capstone & Hiring",PCH8,LinkedIn / professional profile without overclaiming,assets/portfolio_hiring/C1_M11_PORTFOLIO_CAPSTONE_HIRING_BEGINNER_FIRST_LEARNER_BOOK_RC1.pdf,True,49,27,True,PCH8_Profile_Audit,assets/portfolio_hiring/C1_M11_PORTFOLIO_CAPSTONE_HIRING_CANONICAL_PRACTICE_WORKBOOK_RC1.xlsx | assets/portfolio_hiring/C1_M11_PORTFOLIO_BUILDER_RC1.xlsx | assets/portfolio_hiring/C1_M11_JOB_APPLICATION_TRACKER_RC1.xlsx | assets/portfolio_hiring/C1_M11_DATA_ANALYST_INTERVIEW_HIRING_HANDBOOK_RC1.pdf,True,assets/portfolio_hiring/C1_M11_PORTFOLIO_CAPSTONE_HIRING_PROTECTED_PRACTICE_REVIEW_RC1.pdf,True,assets/portfolio_hiring/C1_M11_PORTFOLIO_CAPSTONE_HIRING_TARGETED_REPAIR_CARDS_RC1.pdf,True,0,,True
portfolio_hiring,"Portfolio, Capstone & Hiring",PCH9,Application strategy: targeted volume with evidence,assets/portfolio_hiring/C1_M11_PORTFOLIO_CAPSTONE_HIRING_BEGINNER_FIRST_LEARNER_BOOK_RC1.pdf,True,49,30,True,PCH9_Application_Strategy,assets/portfolio_hiring/C1_M11_PORTFOLIO_CAPSTONE_HIRING_CANONICAL_PRACTICE_WORKBOOK_RC1.xlsx | assets/portfolio_hiring/C1_M11_PORTFOLIO_BUILDER_RC1.xlsx | assets/portfolio_hiring/C1_M11_JOB_APPLICATION_TRACKER_RC1.xlsx | assets/portfolio_hiring/C1_M11_DATA_ANALYST_INTERVIEW_HIRING_HANDBOOK_RC1.pdf,True,assets/portfolio_hiring/C1_M11_PORTFOLIO_CAPSTONE_HIRING_PROTECTED_PRACTICE_REVIEW_RC1.pdf,True,assets/portfolio_hiring/C1_M11_PORTFOLIO_CAPSTONE_HIRING_TARGETED_REPAIR_CARDS_RC1.pdf,True,0,,True
portfolio_hiring,"Portfolio, Capstone & Hiring",PCH10,Project walkthrough interview,assets/portfolio_hiring/C1_M11_PORTFOLIO_CAPSTONE_HIRING_BEGINNER_FIRST_LEARNER_BOOK_RC1.pdf,True,49,33,True,PCH10_Project_Walkthrough,assets/portfolio_hiring/C1_M11_PORTFOLIO_CAPSTONE_HIRING_CANONICAL_PRACTICE_WORKBOOK_RC1.xlsx | assets/portfolio_hiring/C1_M11_PORTFOLIO_BUILDER_RC1.xlsx | assets/portfolio_hiring/C1_M11_JOB_APPLICATION_TRACKER_RC1.xlsx | assets/portfolio_hiring/C1_M11_DATA_ANALYST_INTERVIEW_HIRING_HANDBOOK_RC1.pdf,True,assets/portfolio_hiring/C1_M11_PORTFOLIO_CAPSTONE_HIRING_PROTECTED_PRACTICE_REVIEW_RC1.pdf,True,assets/portfolio_hiring/C1_M11_PORTFOLIO_CAPSTONE_HIRING_TARGETED_REPAIR_CARDS_RC1.pdf,True,0,,True
portfolio_hiring,"Portfolio, Capstone & Hiring",PCH11,Technical interview preparation,assets/portfolio_hiring/C1_M11_PORTFOLIO_CAPSTONE_HIRING_BEGINNER_FIRST_LEARNER_BOOK_RC1.pdf,True,49,36,True,PCH11_Technical_Interview,assets/portfolio_hiring/C1_M11_PORTFOLIO_CAPSTONE_HIRING_CANONICAL_PRACTICE_WORKBOOK_RC1.xlsx | assets/portfolio_hiring/C1_M11_PORTFOLIO_BUILDER_RC1.xlsx | assets/portfolio_hiring/C1_M11_JOB_APPLICATION_TRACKER_RC1.xlsx | assets/portfolio_hiring/C1_M11_DATA_ANALYST_INTERVIEW_HIRING_HANDBOOK_RC1.pdf,True,assets/portfolio_hiring/C1_M11_PORTFOLIO_CAPSTONE_HIRING_PROTECTED_PRACTICE_REVIEW_RC1.pdf,True,assets/portfolio_hiring/C1_M11_PORTFOLIO_CAPSTONE_HIRING_TARGETED_REPAIR_CARDS_RC1.pdf,True,1,https://www.youtube.com/watch?v=fweZQqB0nwQ,True
portfolio_hiring,"Portfolio, Capstone & Hiring",PCH12,Behavioral questions and career-start narrative,assets/portfolio_hiring/C1_M11_PORTFOLIO_CAPSTONE_HIRING_BEGINNER_FIRST_LEARNER_BOOK_RC1.pdf,True,49,39,True,PCH12_Behavioral,assets/portfolio_hiring/C1_M11_PORTFOLIO_CAPSTONE_HIRING_CANONICAL_PRACTICE_WORKBOOK_RC1.xlsx | assets/portfolio_hiring/C1_M11_PORTFOLIO_BUILDER_RC1.xlsx | assets/portfolio_hiring/C1_M11_JOB_APPLICATION_TRACKER_RC1.xlsx | assets/portfolio_hiring/C1_M11_DATA_ANALYST_INTERVIEW_HIRING_HANDBOOK_RC1.pdf,True,assets/portfolio_hiring/C1_M11_PORTFOLIO_CAPSTONE_HIRING_PROTECTED_PRACTICE_REVIEW_RC1.pdf,True,assets/portfolio_hiring/C1_M11_PORTFOLIO_CAPSTONE_HIRING_TARGETED_REPAIR_CARDS_RC1.pdf,True,1,https://www.youtube.com/watch?v=rLKC--8UYSw,True
portfolio_hiring,"Portfolio, Capstone & Hiring",PCH13,"Offers, salary questions and professional negotiation",assets/portfolio_hiring/C1_M11_PORTFOLIO_CAPSTONE_HIRING_BEGINNER_FIRST_LEARNER_BOOK_RC1.pdf,True,49,42,True,PCH13_Offer_Negotiation,assets/portfolio_hiring/C1_M11_PORTFOLIO_CAPSTONE_HIRING_CANONICAL_PRACTICE_WORKBOOK_RC1.xlsx | assets/portfolio_hiring/C1_M11_PORTFOLIO_BUILDER_RC1.xlsx | assets/portfolio_hiring/C1_M11_JOB_APPLICATION_TRACKER_RC1.xlsx | assets/portfolio_hiring/C1_M11_DATA_ANALYST_INTERVIEW_HIRING_HANDBOOK_RC1.pdf,True,assets/portfolio_hiring/C1_M11_PORTFOLIO_CAPSTONE_HIRING_PROTECTED_PRACTICE_REVIEW_RC1.pdf,True,assets/portfolio_hiring/C1_M11_PORTFOLIO_CAPSTONE_HIRING_TARGETED_REPAIR_CARDS_RC1.pdf,True,1,https://www.youtube.com/watch?v=ziurEoqEcO4,True
portfolio_hiring,"Portfolio, Capstone & Hiring",PCH14,Final readiness and continuous improvement,assets/portfolio_hiring/C1_M11_PORTFOLIO_CAPSTONE_HIRING_BEGINNER_FIRST_LEARNER_BOOK_RC1.pdf,True,49,45,True,PCH14_Readiness_Board,assets/portfolio_hiring/C1_M11_PORTFOLIO_CAPSTONE_HIRING_CANONICAL_PRACTICE_WORKBOOK_RC1.xlsx | assets/portfolio_hiring/C1_M11_PORTFOLIO_BUILDER_RC1.xlsx | assets/portfolio_hiring/C1_M11_JOB_APPLICATION_TRACKER_RC1.xlsx | assets/portfolio_hiring/C1_M11_DATA_ANALYST_INTERVIEW_HIRING_HANDBOOK_RC1.pdf,True,assets/portfolio_hiring/C1_M11_PORTFOLIO_CAPSTONE_HIRING_PROTECTED_PRACTICE_REVIEW_RC1.pdf,True,assets/portfolio_hiring/C1_M11_PORTFOLIO_CAPSTONE_HIRING_TARGETED_REPAIR_CARDS_RC1.pdf,True,0,,True
