phase_id,route_key,route_index,path,exists,bytes,sha256
foundation,start,1,assets/foundation/00_START_HERE/C1_M00_FOUNDATION_START_HERE_RC1.pdf,True,5180,35dacaf04d7e84d9ef3b11e35056e7ce2b73119cf0c40beda1c26fd8b21203c1
foundation,lesson,1,assets/foundation/01_LEARN/C1_M00_FOUNDATION_BEGINNER_FIRST_LEARNER_BOOK_RC1.pdf,True,494621,c9ecfffadc2f063b56661e1a805181544da08821a0e86c50222c3da8dcb9765b
foundation,practice,1,assets/foundation/02_PRACTICE/C1_M00_FOUNDATION_BEGINNER_FIRST_PRACTICE_BOOK_RC1.pdf,True,23823,ad606899cc1223462f119c6e2ad1da897bdb85c0570a5d83841d27ba3f54a8f1
foundation,practice,2,assets/foundation/02_PRACTICE/C1_M00_FOUNDATION_EVIDENCE_LOG_RC1.xlsx,True,15495,38f50167086f48296ebc9704f6df6549296143a12d793582b01a9c4fc2a77ce6
foundation,review,1,assets/foundation/03_REVIEW_PROTECTED/C1_M00_FOUNDATION_PRACTICE_REVIEW_PROTECTED_RC1.pdf,True,6562,28f45f1ed8660aad17a05d4c8ce81fc1a4f70894ce3245a280d4b07a208aaa84
foundation,repair,1,assets/foundation/03_REVIEW_PROTECTED/C1_M00_FOUNDATION_TARGETED_REPAIR_CARDS_PROTECTED_RC1.pdf,True,11300,fde9d55e5785a1ceb6dab29de2683f87b9a6c4838eb1b9bfd74571cafca59b73
foundation,lab,1,assets/foundation/02_PRACTICE/C1_M00_FOUNDATION_BEGINNER_FIRST_PRACTICE_BOOK_RC1.pdf,True,23823,ad606899cc1223462f119c6e2ad1da897bdb85c0570a5d83841d27ba3f54a8f1
foundation,lab,2,assets/foundation/02_PRACTICE/C1_M00_FOUNDATION_EVIDENCE_LOG_RC1.xlsx,True,15495,38f50167086f48296ebc9704f6df6549296143a12d793582b01a9c4fc2a77ce6
foundation,gateA,1,assets/foundation/04_GATE_PROTECTED/C1_M00_FOUNDATION_GATE_A_RC1.pdf,True,11847,ec9981ed752bc0dc6b363329fe45439177c4a5ee3f8b3c1e389fa1dd6243a565
foundation,gateReviewA,1,assets/foundation/04_GATE_PROTECTED/C1_M00_FOUNDATION_GATE_A_REVIEW_PROTECTED_RC1.pdf,True,6125,aa0a448ee408c8b3fdacdbe0bfa5a994c904d8b2e9d4651524c905d4e53a92a8
foundation,gateB,1,assets/foundation/04_GATE_PROTECTED/C1_M00_FOUNDATION_GATE_B_RC1.pdf,True,11915,6dc670fcd56893e009cd5f830ed16efebed5d3d0dca2567e35f6b54daf7e4326
foundation,gateReviewB,1,assets/foundation/04_GATE_PROTECTED/C1_M00_FOUNDATION_GATE_B_REVIEW_PROTECTED_RC1.pdf,True,6117,ecdb789cc538221cd28f351b365a0f7383d84283e755970d0178f069ff587493
foundation,gateC,1,assets/foundation/04_GATE_PROTECTED/C1_M00_FOUNDATION_GATE_C_RC1.pdf,True,12040,1b4434c63e609da7c8c02b046040f055fe8433e67f853c5d18d5f9c8adc39801
foundation,gateReviewC,1,assets/foundation/04_GATE_PROTECTED/C1_M00_FOUNDATION_GATE_C_REVIEW_PROTECTED_RC1.pdf,True,6166,ce5fc528ea41ee63b62b10b1357768d0574d2a126ba68b475ae651f79afef0f5
excel_fundamentals,start,1,assets/excel_fundamentals/START_HERE_RC1.txt,True,914,8fa852c919728cdd153b71945c5c6b5db63e7eb0ed161c438dc3e018231d6cbf
excel_fundamentals,lesson,1,assets/excel_fundamentals/C1_M01_EXCEL_FUNDAMENTALS_BEGINNER_FIRST_LEARNER_BOOK_RC1.pdf,True,90469,e3f91c8512f9b2a83860ab555675abffc2d538e3e5d246ad1bab0c9615cef0f3
excel_fundamentals,practice,1,assets/excel_fundamentals/C1_M01_EXCEL_FUNDAMENTALS_CANONICAL_PRACTICE_WORKBOOK_RC1.xlsx,True,36890,7e0aa0128b03d1a70b5f7646f93d7840b035c319212e4e42f2577853a5fabef0
excel_fundamentals,review,1,assets/excel_fundamentals/C1_M01_EXCEL_FUNDAMENTALS_PROTECTED_PRACTICE_REVIEW_RC1.pdf,True,25294,434a0e334c921e7d7e59e5ff8b600d0dc0a4802550f99b197b09e75dc68455e2
excel_fundamentals,repair,1,assets/excel_fundamentals/C1_M01_EXCEL_FUNDAMENTALS_TARGETED_REPAIR_CARDS_RC1.pdf,True,9121,0eafb0a7bf11be099e7cfa711d68e0760802caed3af02fcca64211652cd774c8
excel_fundamentals,lab,1,assets/excel_fundamentals/C1_M01_EXCEL_FUNDAMENTALS_CANONICAL_PRACTICE_WORKBOOK_RC1.xlsx,True,36890,7e0aa0128b03d1a70b5f7646f93d7840b035c319212e4e42f2577853a5fabef0
excel_fundamentals,gateA,1,assets/excel_fundamentals/C1_M01_EXCEL_FUNDAMENTALS_GATE_A_RC1.xlsx,True,10046,f28f42cbbba9754b10eceea10bb23fecb8fe490a59eda36bd3ce9c8c8c3123b2
excel_fundamentals,gateReviewA,1,assets/excel_fundamentals/C1_M01_EXCEL_FUNDAMENTALS_GATE_A_PROTECTED_REVIEW_RC1.pdf,True,5068,c1c4fa32c0523d581aeebade9995c04856b0230aa1067b07aed0eb51c9c53367
excel_fundamentals,gateB,1,assets/excel_fundamentals/C1_M01_EXCEL_FUNDAMENTALS_GATE_B_RC1.xlsx,True,9902,a79612dc6c10249f16528534af0eee7526c18fbd4f777724befbb7d8d9cab539
excel_fundamentals,gateReviewB,1,assets/excel_fundamentals/C1_M01_EXCEL_FUNDAMENTALS_GATE_B_PROTECTED_REVIEW_RC1.pdf,True,5070,c9f16654cbdc5bb2288383321aef27ce5afbb824ce2460f49b567ec122c17f4c
excel_fundamentals,gateC,1,assets/excel_fundamentals/C1_M01_EXCEL_FUNDAMENTALS_GATE_C_RC1.xlsx,True,10041,7e0eaf61cfcd7224f42f23e8afedc2a3f41ef42394b91fb91effaa675c560f59
excel_fundamentals,gateReviewC,1,assets/excel_fundamentals/C1_M01_EXCEL_FUNDAMENTALS_GATE_C_PROTECTED_REVIEW_RC1.pdf,True,5070,666a6b8e794289f5b5106afbf1d0a75e0be6eee33dec369cdf0b6e97337dd1f0
excel_fundamentals,sourceRegistry,1,assets/excel_fundamentals/C1_M01_SOURCE_VIDEO_REGISTRY_RC1.csv,True,3207,835d1a132ccc2a230d7bc7e850e657aa426f3e8790d0bd3a7aae6f4195fffa1f
excel_analysts,start,1,assets/excel_analysts/START_HERE_RC1.txt,True,1463,0a413c71a6d91a3354a5cf2cb27f8b0847e81fbfc1e3338c022400bb1abb535c
excel_analysts,lesson,1,assets/excel_analysts/C1_M02_EXCEL_FOR_ANALYSTS_BEGINNER_FIRST_LEARNER_BOOK_RC1.pdf,True,122622,a6f455e813bfcfd0045bf25b7dc5db8fd4c33944c3595e5d13a2214e868d3891
excel_analysts,practice,1,assets/excel_analysts/C1_M02_EXCEL_FOR_ANALYSTS_CANONICAL_PRACTICE_WORKBOOK_RC1.xlsx,True,62787,805e125b911c1f070a440118cd595811bbce395945eec559c5168094c99a45dc
excel_analysts,review,1,assets/excel_analysts/C1_M02_EXCEL_FOR_ANALYSTS_PROTECTED_PRACTICE_REVIEW_RC1.pdf,True,32351,fda5f8b60f2862490c4aa42ee4dc367e8dcd27d9dfd1b7f8aa2804f7b57f3952
excel_analysts,repair,1,assets/excel_analysts/C1_M02_EXCEL_FOR_ANALYSTS_TARGETED_REPAIR_CARDS_RC1.pdf,True,9145,ad72c7c05ee3cbe10b1922da093dfd5462eae1ea9409b93291b6bdc62197cbee
excel_analysts,lab,1,assets/excel_analysts/C1_M02_EXCEL_FOR_ANALYSTS_CANONICAL_PRACTICE_WORKBOOK_RC1.xlsx,True,62787,805e125b911c1f070a440118cd595811bbce395945eec559c5168094c99a45dc
excel_analysts,gateA,1,assets/excel_analysts/C1_M02_EXCEL_FOR_ANALYSTS_GATE_A_RC1.xlsx,True,20587,1e1e50fbcbe46625c2af83faa330e65981fe5249679ddcfc7fd5da015c006fba
excel_analysts,gateReviewA,1,assets/excel_analysts/C1_M02_EXCEL_FOR_ANALYSTS_GATE_A_PROTECTED_REVIEW_RC1.pdf,True,8117,b5b6eea894737e02b10adf397ad9fae1be8d9f3a6cd494ef14a33cd30ce51da7
excel_analysts,gateB,1,assets/excel_analysts/C1_M02_EXCEL_FOR_ANALYSTS_GATE_B_RC1.xlsx,True,20265,d9ea464eadc08457c794779db7a8f14e8f5df907f8cd7ae8b51a36a08be8fac0
excel_analysts,gateReviewB,1,assets/excel_analysts/C1_M02_EXCEL_FOR_ANALYSTS_GATE_B_PROTECTED_REVIEW_RC1.pdf,True,8111,3e8f20f04e774f9dee3a5f127527d908bc53d25b383d5c6303a53b40620f55a7
excel_analysts,gateC,1,assets/excel_analysts/C1_M02_EXCEL_FOR_ANALYSTS_GATE_C_RC1.xlsx,True,20104,753399fd43084aaab85ce578b2b8107262956efdcc62f78605b5cceeef534966
excel_analysts,gateReviewC,1,assets/excel_analysts/C1_M02_EXCEL_FOR_ANALYSTS_GATE_C_PROTECTED_REVIEW_RC1.pdf,True,8082,7667c65cdd9badcf61fed6bc93d6bdc2fd81d579efef16094ad521b5500e8694
excel_analysts,sourceRegistry,1,assets/excel_analysts/C1_M02_SOURCE_VIDEO_REGISTRY_RC1.csv,True,4885,a5b9217b83720fab82c4cfcf2dab30d5f770c1030bd7d247c9f12852acadc049
sql_foundations,start,1,assets/sql_foundations/START_HERE_RC1.txt,True,1608,ebe35e88e593edf5770ee6e9cd99b015cf5b7c4659a0277c553ed9ae74515dbd
sql_foundations,lesson,1,assets/sql_foundations/C1_M03_SQL_FOUNDATIONS_BEGINNER_FIRST_LEARNER_BOOK_RC1.pdf,True,93640,93b34bfe581cf7b9fd4c3faaf5c439aa2e9dd0ba63704f9dcba48a556724eac8
sql_foundations,practice,1,assets/sql_foundations/C1_M03_SQL_FOUNDATIONS_LAB_SETUP_RC1.sql,True,6760,8eb18d131cc4849641172c9a50c100ccc97abb844f45ec0fc74b07f742f1b3ca
sql_foundations,practice,2,assets/sql_foundations/C1_M03_SQL_FOUNDATIONS_PRACTICE_TASKS_RC1.sql,True,10389,2d455f8d588be5f7ec7b5ce17b0ca0ead80472f45e9eeeb227c5cefc798bda28
sql_foundations,practice,3,assets/sql_foundations/C1_M03_SQL_FOUNDATIONS_EVIDENCE_LOG_RC1.xlsx,True,7035,ed714604ddebdd61ff0a29d355d2bcc481a8458ff9dbaf40ad6928d5e4c2ed46
sql_foundations,review,1,assets/sql_foundations/C1_M03_SQL_FOUNDATIONS_PROTECTED_PRACTICE_REVIEW_RC1.pdf,True,23977,15b8be5b34c773cf774eeac66243fc5c28ad072230c5fd3f429dde252bd8d521
sql_foundations,repair,1,assets/sql_foundations/C1_M03_SQL_FOUNDATIONS_TARGETED_REPAIR_CARDS_RC1.pdf,True,7418,1eb65e9faa15cdf8b4b8678fb886d4f204bdce717b28510de1b068e3e794f971
sql_foundations,lab,1,assets/sql_foundations/C1_M03_SQL_FOUNDATIONS_PRACTICE_TASKS_RC1.sql,True,10389,2d455f8d588be5f7ec7b5ce17b0ca0ead80472f45e9eeeb227c5cefc798bda28
sql_foundations,lab,2,assets/sql_foundations/C1_M03_SQL_FOUNDATIONS_EVIDENCE_LOG_RC1.xlsx,True,7035,ed714604ddebdd61ff0a29d355d2bcc481a8458ff9dbaf40ad6928d5e4c2ed46
sql_foundations,gateA,1,assets/sql_foundations/C1_M03_SQL_FOUNDATIONS_GATE_A_RC1.sql,True,6240,d48d115b13bd1d7b3ae01681ad49346a33db6925d4a37d573b452f41a538c01a
sql_foundations,gateReviewA,1,assets/sql_foundations/C1_M03_SQL_FOUNDATIONS_GATE_A_PROTECTED_REVIEW_RC1.pdf,True,8400,3c56347a3917788b39e52221f125a5bbd68ea72d660fa2950d2df886655ab51a
sql_foundations,gateB,1,assets/sql_foundations/C1_M03_SQL_FOUNDATIONS_GATE_B_RC1.sql,True,6611,98b8c39c89711420a73cde55831c00fa3eb6af152e4cdc68f8172cb414d5e458
sql_foundations,gateReviewB,1,assets/sql_foundations/C1_M03_SQL_FOUNDATIONS_GATE_B_PROTECTED_REVIEW_RC1.pdf,True,8381,f30b5a4c822cd30e14da594bcf588c257ea7f23a1f277ef041fa616217aeb347
sql_foundations,gateC,1,assets/sql_foundations/C1_M03_SQL_FOUNDATIONS_GATE_C_RC1.sql,True,6992,51a3e48d1f2edcbd595c694a7ba443a53938c5112c40873d1b905523e0b82182
sql_foundations,gateReviewC,1,assets/sql_foundations/C1_M03_SQL_FOUNDATIONS_GATE_C_PROTECTED_REVIEW_RC1.pdf,True,8408,d84327911d52830e3207650bc7c8d08f4aeacbde111bb084820c0e08174c00f2
sql_foundations,sourceRegistry,1,assets/sql_foundations/C1_M03_SOURCE_VIDEO_REGISTRY_RC1.csv,True,5556,8a95f7c2378a8837a9b168aa02a43e3c0c3371d7cdace8b73ad08e05badd7252
sql_analysts,start,1,assets/sql_analysts/START_HERE_RC1.txt,True,1823,a231f8d3f0ddc72380e428a0b56d458e58afbc32362da279069023fa1c48df3d
sql_analysts,lesson,1,assets/sql_analysts/C1_M04_SQL_FOR_ANALYSTS_BEGINNER_FIRST_LEARNER_BOOK_RC1.pdf,True,104655,61b547e3097063cc5340c035445242b392b456e31a32cc1f6566612285c59eb1
sql_analysts,practice,1,assets/sql_analysts/C1_M04_SQL_FOR_ANALYSTS_LAB_SETUP_RC1.sql,True,7982,c6d1ad1fa2bd0ada9d596090f491eb434d594e2ca2c4af7f84c16edd59d1dfa0
sql_analysts,practice,2,assets/sql_analysts/C1_M04_SQL_FOR_ANALYSTS_PRACTICE_TASKS_RC1.sql,True,9070,f37b1063213f795aa8715a09646184ee99026f0292794fcb37187acbd8c17b31
sql_analysts,practice,3,assets/sql_analysts/C1_M04_SQL_FOR_ANALYSTS_EVIDENCE_LOG_RC1.xlsx,True,7386,32d121883e8e80f77b5681c123e198c59d7bc4ce01b017a458eaedfc6f3eb49f
sql_analysts,review,1,assets/sql_analysts/C1_M04_SQL_FOR_ANALYSTS_PROTECTED_PRACTICE_REVIEW_RC1.pdf,True,26472,854c4ae9b668113727ecf7a5b4a1bb1ed4b32b208338055be87849b9d9360d8a
sql_analysts,repair,1,assets/sql_analysts/C1_M04_SQL_FOR_ANALYSTS_TARGETED_REPAIR_CARDS_RC1.pdf,True,9155,fe1f89f35bdab12821ff2c03de0dce486961bfcdd9141b8e4dc6b5c97c19966e
sql_analysts,lab,1,assets/sql_analysts/C1_M04_SQL_FOR_ANALYSTS_M_SQLA_PROJECT_RC1.sql,True,3878,a45b54e8f5d41130d743aca2e45556e33bea380ce95ad101fe14404b84143538
sql_analysts,lab,2,assets/sql_analysts/C1_M04_SQL_FOR_ANALYSTS_EVIDENCE_LOG_RC1.xlsx,True,7386,32d121883e8e80f77b5681c123e198c59d7bc4ce01b017a458eaedfc6f3eb49f
sql_analysts,gateA,1,assets/sql_analysts/C1_M04_SQL_FOR_ANALYSTS_GATE_A_RC1.sql,True,9341,b2c087e54f62158387b71c37f3e2016fe969d5621dba1555794fdb879a3c2750
sql_analysts,gateReviewA,1,assets/sql_analysts/C1_M04_SQL_FOR_ANALYSTS_GATE_A_PROTECTED_REVIEW_RC1.pdf,True,8067,38c44aecc73ac95c3b9d775726264f172f68355f8f569c21dfdbac8ed9b231ed
sql_analysts,gateB,1,assets/sql_analysts/C1_M04_SQL_FOR_ANALYSTS_GATE_B_RC1.sql,True,9317,28bcb6b4c5e6c57c9359c6a588bd55c990391badca32979402acb0b921a23bbe
sql_analysts,gateReviewB,1,assets/sql_analysts/C1_M04_SQL_FOR_ANALYSTS_GATE_B_PROTECTED_REVIEW_RC1.pdf,True,8042,86b559019d82c8dbbce81a374b5a79ab4069d1f36db719f015561af88290f434
sql_analysts,gateC,1,assets/sql_analysts/C1_M04_SQL_FOR_ANALYSTS_GATE_C_RC1.sql,True,8975,0188d5cb26b7da4fbf65f760a3a81c6c5d3b76d0422967e2ccc4ed56e7681be8
sql_analysts,gateReviewC,1,assets/sql_analysts/C1_M04_SQL_FOR_ANALYSTS_GATE_C_PROTECTED_REVIEW_RC1.pdf,True,8132,21093fe1b53c61723697e26538b714ead099991f803b846500bbc7d3f9510a4e
sql_analysts,sourceRegistry,1,assets/sql_analysts/C1_M04_SOURCE_VIDEO_REGISTRY_RC1.csv,True,4335,aa0587ff6652fb003d998bc64b8dd377bd227ea6a6cc1af19d9874ca4cfbd92b
powerbi_modeling,start,1,assets/powerbi_modeling/START_HERE_RC1.txt,True,1794,704ddbbe7ff37ab0e2b9548afa3932972ceb050971e51a1edf6059bd82deb82e
powerbi_modeling,lesson,1,assets/powerbi_modeling/C1_M05_POWERBI_MODELING_BEGINNER_FIRST_LEARNER_BOOK_RC1.pdf,True,85649,991439b0c4f96ebd9863ea63eae6e1ca333f03e11dc57a187a3a6b44f8917791
powerbi_modeling,practice,1,assets/powerbi_modeling/C1_M05_POWERBI_MODELING_PRACTICE_GUIDE_RC1.pdf,True,20208,f657cc5cb0ee5db531ddade59237bd014b0194b2f5bb69358a431960f495beb2
powerbi_modeling,practice,2,assets/powerbi_modeling/C1_M05_POWERBI_MODELING_PRACTICE_DATA_RC1.xlsx,True,19684,13e775be9319627b4e95dc42b8b83d3ef0a26f4d0828cafb5a6f3a19c5fea7a5
powerbi_modeling,review,1,assets/powerbi_modeling/C1_M05_POWERBI_MODELING_PROTECTED_PRACTICE_REVIEW_RC1.pdf,True,23025,f7bff81559b63a00abab5d33bfd2e53c7a2ebbec15321de19e8f9052809e7518
powerbi_modeling,repair,1,assets/powerbi_modeling/C1_M05_POWERBI_MODELING_TARGETED_REPAIR_CARDS_RC1.pdf,True,7457,fc0df8012805024932a7a43f7107525f039c0640767dc67a9b7cd655106fb64e
powerbi_modeling,lab,1,assets/powerbi_modeling/C1_M05_POWERBI_MODELING_PRACTICE_GUIDE_RC1.pdf,True,20208,f657cc5cb0ee5db531ddade59237bd014b0194b2f5bb69358a431960f495beb2
powerbi_modeling,lab,2,assets/powerbi_modeling/C1_M05_POWERBI_MODELING_PRACTICE_DATA_RC1.xlsx,True,19684,13e775be9319627b4e95dc42b8b83d3ef0a26f4d0828cafb5a6f3a19c5fea7a5
powerbi_modeling,gateA,1,assets/powerbi_modeling/C1_M05_POWERBI_MODELING_GATE_A_GUIDE_RC1.pdf,True,5511,f4bfc70fec8ff34a472cb93ee0aef133463e7b01e7f2784603cb3e2fa64525e7
powerbi_modeling,gateA,2,assets/powerbi_modeling/C1_M05_POWERBI_MODELING_GATE_A_DATA_RC1.xlsx,True,19028,3e836c4e1bd78a0de69680e7cec752d4034442bbbd98ae46182ee2b9f45c28d1
powerbi_modeling,gateReviewA,1,assets/powerbi_modeling/C1_M05_POWERBI_MODELING_GATE_A_PROTECTED_REVIEW_RC1.pdf,True,4742,5966bb2a718947f65bca80fd9388e8eba055fcd4565cdfcb3329c23fc0d65c60
powerbi_modeling,gateB,1,assets/powerbi_modeling/C1_M05_POWERBI_MODELING_GATE_B_GUIDE_RC1.pdf,True,5522,35bd66425cc46bc4bc37bb241f743a89f3980c13621e9bdfa17f6cec8a4b58d6
powerbi_modeling,gateB,2,assets/powerbi_modeling/C1_M05_POWERBI_MODELING_GATE_B_DATA_RC1.xlsx,True,18790,bf6acdbe0ddec6dbe741c8632e7614df8b061490790fccf746a07b0c194ddfc4
powerbi_modeling,gateReviewB,1,assets/powerbi_modeling/C1_M05_POWERBI_MODELING_GATE_B_PROTECTED_REVIEW_RC1.pdf,True,4744,48283ed404484a10e856ad9a1bfb6dd00a2e493fd989876bab13245fb4958315
powerbi_modeling,gateC,1,assets/powerbi_modeling/C1_M05_POWERBI_MODELING_GATE_C_GUIDE_RC1.pdf,True,5493,cade942438b31b689133dc691058411d16bc0457d180c70e13eff78f01324ed0
powerbi_modeling,gateC,2,assets/powerbi_modeling/C1_M05_POWERBI_MODELING_GATE_C_DATA_RC1.xlsx,True,19141,8fc0724120b6ee6d5a148a1c7643d27d68c77fc2627d30b395d618ff78840b69
powerbi_modeling,gateReviewC,1,assets/powerbi_modeling/C1_M05_POWERBI_MODELING_GATE_C_PROTECTED_REVIEW_RC1.pdf,True,4744,237075392be907932f57a5b9d030d36e83940ae2164e71c4f81b03c3441f547c
powerbi_modeling,sourceRegistry,1,assets/powerbi_modeling/C1_M05_SOURCE_VIDEO_REGISTRY_RC1.csv,True,6353,266a6a858ccec2c76c4569e98a70b552e123a9ee2c5153bf2b6144e04f3205ad
powerbi_reporting,start,1,assets/powerbi_reporting/START_HERE_RC1.txt,True,2107,19b96a2684e781f57797e2a2471dc9be7e56b3c057443cfd4d07117b029a782d
powerbi_reporting,lesson,1,assets/powerbi_reporting/C1_M06_POWERBI_DAX_REPORTING_BEGINNER_FIRST_LEARNER_BOOK_RC1.pdf,True,114511,3191ae891561346de245ce98f806dba091ac6aeeea0092be86d82b818e89d745
powerbi_reporting,practice,1,assets/powerbi_reporting/C1_M06_POWERBI_DAX_REPORTING_PRACTICE_GUIDE_RC1.pdf,True,25715,459562ed90f8c2d483c070b96ec9dc667e1bf2b2c95b4beb1726bcda40511555
powerbi_reporting,practice,2,assets/powerbi_reporting/C1_M06_POWERBI_DAX_REPORTING_PRACTICE_DATA_RC1.xlsx,True,52503,331ed79bab7242156cebf726a855f8244a92d9b939a6266a21e5f1bad588759a
powerbi_reporting,review,1,assets/powerbi_reporting/C1_M06_POWERBI_DAX_REPORTING_PROTECTED_PRACTICE_REVIEW_RC1.pdf,True,28648,1606c28f71f6f03d2909ccd7ecb7e3b713694f4c456fad4d45b2c2e81f970928
powerbi_reporting,repair,1,assets/powerbi_reporting/C1_M06_POWERBI_DAX_REPORTING_TARGETED_REPAIR_CARDS_RC1.pdf,True,8559,e6fec207b0e9992eb00afd9dcdd3c7587af96610179e696bad921f683bb5727d
powerbi_reporting,lab,1,assets/powerbi_reporting/C1_M06_M_PBIR_INTEGRATED_REPORT_PROJECT_RC1.pdf,True,8013,40e04d252a5dc4dd0c61fdeb0d7aa7395deb6291e17134de7ac1d0bcb3d2c51a
powerbi_reporting,lab,2,assets/powerbi_reporting/C1_M06_POWERBI_DAX_REPORTING_PRACTICE_DATA_RC1.xlsx,True,52503,331ed79bab7242156cebf726a855f8244a92d9b939a6266a21e5f1bad588759a
powerbi_reporting,gateA,1,assets/powerbi_reporting/C1_M06_POWERBI_DAX_REPORTING_GATE_A_GUIDE_RC1.pdf,True,7252,65d3de16dc0082e7539157ce2062803db8c3b6e7c7925bb1f95e507188cd771c
powerbi_reporting,gateA,2,assets/powerbi_reporting/C1_M06_POWERBI_DAX_REPORTING_GATE_A_DATA_RC1.xlsx,True,46630,53a609d42d8a44851c17ad8adb0b9dda57a9d4f67d16a524c64f08f00beb5a83
powerbi_reporting,gateReviewA,1,assets/powerbi_reporting/C1_M06_POWERBI_DAX_REPORTING_GATE_A_PROTECTED_REVIEW_RC1.pdf,True,5031,02676c55e3c2718bec95140e6e21c7964a8255d6d1553fca506e2118079513bc
powerbi_reporting,gateB,1,assets/powerbi_reporting/C1_M06_POWERBI_DAX_REPORTING_GATE_B_GUIDE_RC1.pdf,True,7274,b828a1c118219f80a9bae141e2252fd5aab65c246560a5c89059ca5a0ec32a08
powerbi_reporting,gateB,2,assets/powerbi_reporting/C1_M06_POWERBI_DAX_REPORTING_GATE_B_DATA_RC1.xlsx,True,44176,cfb9ff98711515c3206c75d003981d0c42d0c88495f81536d430aeafd01e2c4b
powerbi_reporting,gateReviewB,1,assets/powerbi_reporting/C1_M06_POWERBI_DAX_REPORTING_GATE_B_PROTECTED_REVIEW_RC1.pdf,True,5000,f366736843f2e384ded501fef2b931fb943e911fa9697ffbbc7a448022d3e07b
powerbi_reporting,gateC,1,assets/powerbi_reporting/C1_M06_POWERBI_DAX_REPORTING_GATE_C_GUIDE_RC1.pdf,True,7253,ec54ba3b3f39b022cfce3fb04fba77123a1d88065664a064bbb7e165dea0940f
powerbi_reporting,gateC,2,assets/powerbi_reporting/C1_M06_POWERBI_DAX_REPORTING_GATE_C_DATA_RC1.xlsx,True,47665,256e5a96e0d3c995207184d4ac0b5c58597c7aed14f7ef2669383387a30b89c1
powerbi_reporting,gateReviewC,1,assets/powerbi_reporting/C1_M06_POWERBI_DAX_REPORTING_GATE_C_PROTECTED_REVIEW_RC1.pdf,True,5020,8bd03be5774c85d73df5d892b9679fcead4b88a309f10d0b40d10c89a338942b
powerbi_reporting,sourceRegistry,1,assets/powerbi_reporting/C1_M06_SOURCE_VIDEO_REGISTRY_RC1.csv,True,6117,20f06cdc06a16759e6bfea4382ef05fc89e95a07a44a43784331cab17d51a221
python,start,1,assets/python/START_HERE_RC1.txt,True,2021,151c35f4f67a4a6dfc3853b88c054e9f679eb9a77f0cc9e2843dfae2e0ed6885
python,lesson,1,assets/python/C1_M07_PYTHON_FOR_ANALYSTS_BEGINNER_FIRST_LEARNER_BOOK_RC1.pdf,True,125898,4ef927add8ad2a9fe4b4131017fa47427c85e57247e1f841b797ef60f2d28c16
python,practice,1,assets/python/C1_M07_PYTHON_FOR_ANALYSTS_CANONICAL_PRACTICE_NOTEBOOK_RC1.ipynb,True,28673,3d3eef29939304be12f1461ff4229976252379f1f8753156413d3500a0ce0efb
python,review,1,assets/python/C1_M07_PYTHON_FOR_ANALYSTS_PROTECTED_PRACTICE_REVIEW_RC1.pdf,True,34059,3668201cf9f9c41dd1b06f29c53171d78ad30426f561b634bcf480fa7d0a4f87
python,repair,1,assets/python/C1_M07_PYTHON_FOR_ANALYSTS_TARGETED_REPAIR_CARDS_RC1.pdf,True,8819,6bafec744b21c1e95a3d2cc449fcb0df7966f48ba53f68e71f6df057ab257969
python,lab,1,assets/python/C1_M07_PYTHON_FOR_ANALYSTS_CANONICAL_PRACTICE_NOTEBOOK_RC1.ipynb,True,28673,3d3eef29939304be12f1461ff4229976252379f1f8753156413d3500a0ce0efb
python,gateA,1,assets/python/C1_M07_PYTHON_GATE_A_RC1.ipynb,True,4468,2223dfced067a10537f4818acb79223dab86f32715faa177ca6703a8a97daaee
python,gateReviewA,1,assets/python/C1_M07_PYTHON_GATE_A_PROTECTED_REVIEW_RC1.pdf,True,7188,f888eec91870572824af13451635dc0283e701a9e28d400151858d0615dc6b32
python,gateB,1,assets/python/C1_M07_PYTHON_GATE_B_RC1.ipynb,True,4506,e0d9af4c4d633f2f57be092b9fb2a6b94fdfee3b8e02f53be0df44a62fe23d4c
python,gateReviewB,1,assets/python/C1_M07_PYTHON_GATE_B_PROTECTED_REVIEW_RC1.pdf,True,7165,fde38e9b3c6d2fe4608ce28b0c957264e7e1b915437ba40a8661e373716e9296
python,gateC,1,assets/python/C1_M07_PYTHON_GATE_C_RC1.ipynb,True,4501,949e8ceea259e326405684300b6eb0ab934fc881ac79d3b31c763851703b7e56
python,gateReviewC,1,assets/python/C1_M07_PYTHON_GATE_C_PROTECTED_REVIEW_RC1.pdf,True,7148,7ce6f82b18aa8585be01b9934ae7234d80ad231597c7de9d588ac874d2501350
python,sourceRegistry,1,assets/python/C1_M07_SOURCE_VIDEO_REGISTRY_RC1.csv,True,5294,10fbaf6684da774d795cc6c6f3b8bde7049a2d61dae8e0d0ac2317cea659a346
statistics,start,1,assets/statistics/START_HERE_RC1.txt,True,2062,895555d861ad020e8bfb1a5420612d09f539d81448829ebf9e6fa0ac5d8afb26
statistics,lesson,1,assets/statistics/C1_M08_STATISTICS_BEGINNER_FIRST_LEARNER_BOOK_RC1.pdf,True,103448,f54b03e7581578dbc3f056aaae80573b628d2f2b54c8b223e4005e6acd691abe
statistics,practice,1,assets/statistics/C1_M08_STATISTICS_CANONICAL_PRACTICE_WORKBOOK_RC1.xlsx,True,59229,d0ecdb74647fafa8f7e4478955fcaed25eea9302adfbfe588b6dc9d4af1924c1
statistics,practice,2,assets/statistics/C1_M08_STATISTICS_VISUAL_SIMULATION_NOTEBOOK_RC1.ipynb,True,9350,f74a1cd78c57b6646543699a1c91f6d670351f4448931f34f1b87f83d6ce63a7
statistics,review,1,assets/statistics/C1_M08_STATISTICS_PROTECTED_PRACTICE_REVIEW_RC1.pdf,True,26947,e709ca93e5ef46ef80b76636785c344b6576bec7725e38e2196e3429dc9566bc
statistics,repair,1,assets/statistics/C1_M08_STATISTICS_TARGETED_REPAIR_CARDS_RC1.pdf,True,8908,bb9f8ec5a846f20af1c965ef99c7286574c936524bb058ab1c764024d6b11319
statistics,lab,1,assets/statistics/C1_M08_STATISTICS_CANONICAL_PRACTICE_WORKBOOK_RC1.xlsx,True,59229,d0ecdb74647fafa8f7e4478955fcaed25eea9302adfbfe588b6dc9d4af1924c1
statistics,lab,2,assets/statistics/C1_M08_STATISTICS_VISUAL_SIMULATION_NOTEBOOK_RC1.ipynb,True,9350,f74a1cd78c57b6646543699a1c91f6d670351f4448931f34f1b87f83d6ce63a7
statistics,gateA,1,assets/statistics/C1_M08_STATISTICS_GATE_A_CHECKOUT_RC1.xlsx,True,52655,5c09a677d5e34212e8d8b337726b5335051e1add6ede363abd71d88455f1dc87
statistics,gateReviewA,1,assets/statistics/C1_M08_STATISTICS_GATE_A_PROTECTED_REVIEW_RC1.pdf,True,5062,94a9023a08bd84a748f5248c660057136dc8d96ce0f67bc4e79b04b3e234098e
statistics,gateB,1,assets/statistics/C1_M08_STATISTICS_GATE_B_EMAIL_RC1.xlsx,True,50880,7cb5eb2329416bda708ea4b85aff0efedf622d993bce848e5977cf3e431ecfdf
statistics,gateReviewB,1,assets/statistics/C1_M08_STATISTICS_GATE_B_PROTECTED_REVIEW_RC1.pdf,True,5087,f6cb7ade5f76f41ea53538d1d22b2930e239ea57681ff546403a063b2709120d
statistics,gateC,1,assets/statistics/C1_M08_STATISTICS_GATE_C_ONBOARDING_RC1.xlsx,True,59384,aac6e2ce7dca083cea1ed7c91094ab8fd882aca425220349a97ae1853a68ae09
statistics,gateReviewC,1,assets/statistics/C1_M08_STATISTICS_GATE_C_PROTECTED_REVIEW_RC1.pdf,True,5056,51952c9b724ecd54c02bec2508067bdce032579f7c932c4728fb452f71665297
statistics,sourceRegistry,1,assets/statistics/C1_M08_SOURCE_VIDEO_REGISTRY_RC1.csv,True,4011,b25c833fcc384334fc8ed9dedd978e0c54cbd9b13963d31a566b02870e6236a6
business_analysis,start,1,assets/business_analysis/START_HERE_RC1.txt,True,1922,08aff3b90ca1ae0b853d5e8f5951bc0e68db8a7ed08259d6323ee405ce3b12a3
business_analysis,lesson,1,assets/business_analysis/C1_M09_BUSINESS_ANALYSIS_BEGINNER_FIRST_LEARNER_BOOK_RC1.pdf,True,107099,57afc733fc2fa8621e45c865821cfd4a88b5f5ef2cea35a3eede177cbbb550b7
business_analysis,practice,1,assets/business_analysis/C1_M09_BUSINESS_ANALYSIS_CANONICAL_PRACTICE_WORKBOOK_RC1.xlsx,True,51866,64ab5afd6ee6dfe019289085e0da6ab3de219b4f209c047934165f8aafa89d43
business_analysis,review,1,assets/business_analysis/C1_M09_BUSINESS_ANALYSIS_PROTECTED_PRACTICE_REVIEW_RC1.pdf,True,28395,56a094d341b2099e4919f11766447bc182ab84a6f9902203cc758c659cb6877e
business_analysis,repair,1,assets/business_analysis/C1_M09_BUSINESS_ANALYSIS_TARGETED_REPAIR_CARDS_RC1.pdf,True,8847,74726ce4ad8bb35165cb89174be94429f40a276b34343b1f6e16133b7537b992
business_analysis,lab,1,assets/business_analysis/C1_M09_BUSINESS_ANALYSIS_CANONICAL_PRACTICE_WORKBOOK_RC1.xlsx,True,51866,64ab5afd6ee6dfe019289085e0da6ab3de219b4f209c047934165f8aafa89d43
business_analysis,gateA,1,assets/business_analysis/C1_M09_BUSINESS_ANALYSIS_GATE_A_INSTRUCTIONS_RC1.pdf,True,5210,a5bef29b270f6430c37f68ef600f33d6e89853c022c5e573a8e3d48ce7b75464
business_analysis,gateA,2,assets/business_analysis/C1_M09_BUSINESS_ANALYSIS_GATE_A_CAREBRIDGE_RC1.xlsx,True,20401,3849bf0eb40dac419ee16464b30bfc318279bb6bac487dfb5632272b0fd8957c
business_analysis,gateReviewA,1,assets/business_analysis/C1_M09_BUSINESS_ANALYSIS_GATE_A_PROTECTED_REVIEW_RC1.pdf,True,4780,dabca092949bded8861428d579575997e6f64841e81f31a305d74861e6905ad5
business_analysis,gateB,1,assets/business_analysis/C1_M09_BUSINESS_ANALYSIS_GATE_B_INSTRUCTIONS_RC1.pdf,True,5239,c76ad818d39eddfdea03e43420b32abed4a1cadb6b6fb2ddfaabe86feefa3fd0
business_analysis,gateB,2,assets/business_analysis/C1_M09_BUSINESS_ANALYSIS_GATE_B_STREAMFIT_RC1.xlsx,True,19216,760294bf8b21fae003dacff1337fe55528d38a6c695208ac41622bf8aca72f53
business_analysis,gateReviewB,1,assets/business_analysis/C1_M09_BUSINESS_ANALYSIS_GATE_B_PROTECTED_REVIEW_RC1.pdf,True,4678,ce8ac6addbf791c5465298102cde70e15a501ff3b10cfce080f10e9786b86a0e
business_analysis,gateC,1,assets/business_analysis/C1_M09_BUSINESS_ANALYSIS_GATE_C_INSTRUCTIONS_RC1.pdf,True,5229,f1085cf0f81dbfaddd426424f556e58c21ccd19e769b7e387d4a0481b38c32aa
business_analysis,gateC,2,assets/business_analysis/C1_M09_BUSINESS_ANALYSIS_GATE_C_QUICKCART_RC1.xlsx,True,23820,8f9eee98a8313e7b873117acb1c54864ec6e8dcc68b70d314b97215ce4e6355b
business_analysis,gateReviewC,1,assets/business_analysis/C1_M09_BUSINESS_ANALYSIS_GATE_C_PROTECTED_REVIEW_RC1.pdf,True,4753,7f260363c129b9b58a7244a61df02364fa239534b68c5a60bcb054ffe39f4b5d
business_analysis,sourceRegistry,1,assets/business_analysis/C1_M09_SOURCE_VIDEO_REGISTRY_RC1.csv,True,2295,5afc7cada2da18aee711925b61b7a76267eb202d7e4cb24c9613653f1fb53d44
ai_assisted,start,1,assets/ai_assisted/START_HERE_RC1.txt,True,1528,90a341e1e407d0717de64c0063b6147175397a020d9411c3e7175eea620f4bfd
ai_assisted,lesson,1,assets/ai_assisted/C1_M10_AI_ASSISTED_ANALYTICS_BEGINNER_FIRST_LEARNER_BOOK_RC1.pdf,True,98015,e40a6808087cb51bb183cc56e1704e2e7a560ce93184f7731b0770ac01be9fb0
ai_assisted,practice,1,assets/ai_assisted/C1_M10_AI_ASSISTED_ANALYTICS_CANONICAL_PRACTICE_WORKBOOK_RC1.xlsx,True,28710,03263290293d961c17770da5bc3a964977fc158d3f8f37f00467c2d6354d2fcf
ai_assisted,review,1,assets/ai_assisted/C1_M10_AI_ASSISTED_ANALYTICS_PROTECTED_PRACTICE_REVIEW_RC1.pdf,True,27718,0b305c333024dda9235f13e7943652bf3b4ac4a24e29be93666171518f40f825
ai_assisted,repair,1,assets/ai_assisted/C1_M10_AI_ASSISTED_ANALYTICS_TARGETED_REPAIR_CARDS_RC1.pdf,True,8755,4266ca11cad059cdf2fa307d4c4b3011cc6496aa174a6df975e923e33f17e717
ai_assisted,lab,1,assets/ai_assisted/C1_M10_AI_ASSISTED_ANALYTICS_CANONICAL_PRACTICE_WORKBOOK_RC1.xlsx,True,28710,03263290293d961c17770da5bc3a964977fc158d3f8f37f00467c2d6354d2fcf
ai_assisted,gateA,1,assets/ai_assisted/C1_M10_AI_ASSISTED_GATE_A_INSTRUCTIONS_RC1.pdf,True,5395,d085d3bb6eed43415bca3631a9114146f84c16aa68507c20fd0762ad9df53d53
ai_assisted,gateA,2,assets/ai_assisted/C1_M10_AI_ASSISTED_GATE_A_RETAIL_MARGIN_RC1.xlsx,True,12221,fa7af3da48b398b533dcb3f375f29ca1ac2be6673a499da9928cfe2d1ae1aec2
ai_assisted,gateReviewA,1,assets/ai_assisted/C1_M10_AI_ASSISTED_GATE_A_PROTECTED_REVIEW_RC1.pdf,True,5106,d05f8b68a00df2ee1349b1be818ce69fbf38eba22de66f9cb5af1beb8c89d699
ai_assisted,gateB,1,assets/ai_assisted/C1_M10_AI_ASSISTED_GATE_B_INSTRUCTIONS_RC1.pdf,True,5427,d2a08850d394c9107b15886d61c223375a866b9ea93da69bb735aecc1dabb1b2
ai_assisted,gateB,2,assets/ai_assisted/C1_M10_AI_ASSISTED_GATE_B_SUPPORT_OPS_RC1.xlsx,True,12383,64016189c9ee84381a02a70b3b68e215a8ebbe956f363d8fde6899b86e2d8942
ai_assisted,gateReviewB,1,assets/ai_assisted/C1_M10_AI_ASSISTED_GATE_B_PROTECTED_REVIEW_RC1.pdf,True,5125,8778b0a51482aea9c7ecaf4c58bdfe14d3d911c5b819a0486598c0286094a329
ai_assisted,gateC,1,assets/ai_assisted/C1_M10_AI_ASSISTED_GATE_C_INSTRUCTIONS_RC1.pdf,True,5429,c229d0e85e1de19c797b4e9884d5e204a54cbfe63c7abbffb5eb5914f3ab204d
ai_assisted,gateC,2,assets/ai_assisted/C1_M10_AI_ASSISTED_GATE_C_SUBSCRIPTION_GROWTH_RC1.xlsx,True,12215,c14168085b3a330ce06b944baaa2c7650e9bbcfd4806856288653ab7beaaefe7
ai_assisted,gateReviewC,1,assets/ai_assisted/C1_M10_AI_ASSISTED_GATE_C_PROTECTED_REVIEW_RC1.pdf,True,5114,aab65f2faba974bc0eec8d2515c05725cc7a422fa91107697b3a6da232edb879
ai_assisted,sourceRegistry,1,assets/ai_assisted/C1_M10_SOURCE_VIDEO_REGISTRY_RC1.csv,True,4337,9fe4358efe3706843c14329a2c250b2bed8cf0b57b319d407be8a23024e77862
portfolio_hiring,start,1,assets/portfolio_hiring/START_HERE_RC1.txt,True,1940,f865dba7ded0200b491e3935deed2b5fd319318ee5e70123ec96eda37ac8a20a
portfolio_hiring,lesson,1,assets/portfolio_hiring/C1_M11_PORTFOLIO_CAPSTONE_HIRING_BEGINNER_FIRST_LEARNER_BOOK_RC1.pdf,True,130002,798bceeec479672055894550d5da97aea2d52255a8a0abb333ba2658169e7155
portfolio_hiring,practice,1,assets/portfolio_hiring/C1_M11_PORTFOLIO_CAPSTONE_HIRING_CANONICAL_PRACTICE_WORKBOOK_RC1.xlsx,True,30197,ee0514f739d2c8b33794c0a83068d462054b8344090a867464fd63b44a4f7ffe
portfolio_hiring,practice,2,assets/portfolio_hiring/C1_M11_PORTFOLIO_BUILDER_RC1.xlsx,True,11752,38d64a14ed1c6b21c61fffc5b8990a8755e89c7a3019d389082118a0aa1ff952
portfolio_hiring,practice,3,assets/portfolio_hiring/C1_M11_JOB_APPLICATION_TRACKER_RC1.xlsx,True,28674,942aa0d9baec174b84febd6125f6a82459285ffc9d8924ff0ee4e5fac2c7ba23
portfolio_hiring,practice,4,assets/portfolio_hiring/C1_M11_DATA_ANALYST_INTERVIEW_HIRING_HANDBOOK_RC1.pdf,True,9636,a155395cf31e594d41b4f9277d83b0f78a3eea94bf57f3ee2e8092319ba1b099
portfolio_hiring,review,1,assets/portfolio_hiring/C1_M11_PORTFOLIO_CAPSTONE_HIRING_PROTECTED_PRACTICE_REVIEW_RC1.pdf,True,36120,acc824bfb4deae5ba413ae5b510ce7c05ebfada2b3dd725d6d930469979e13e5
portfolio_hiring,repair,1,assets/portfolio_hiring/C1_M11_PORTFOLIO_CAPSTONE_HIRING_TARGETED_REPAIR_CARDS_RC1.pdf,True,10384,6f7ef9179344e1a8a7050c5deab717d3c636a3f35b50ed1b99fce42555aedd90
portfolio_hiring,lab,1,assets/portfolio_hiring/C1_M11_MARKETPULSE_FINAL_CAPSTONE_INSTRUCTIONS_RUBRIC_RC1.pdf,True,6675,f93ad85b1461d135585df75a00780cf6f463c05c787ee18915a231a6ac2bfc52
portfolio_hiring,lab,2,assets/portfolio_hiring/C1_M11_MARKETPULSE_FINAL_CAPSTONE_RC1.xlsx,True,27895,6be589d680c6490889715c9161ff716dcf4f76b1c8322015e53880e0d9077dbc
portfolio_hiring,gateA,1,assets/portfolio_hiring/C1_M11_JOB_READINESS_GATE_A_INSTRUCTIONS_RC1.pdf,True,5069,1954efb0013d91a79c3ad6f266d4069bf7a26da0ee34df5b4c31aa418e71c94c
portfolio_hiring,gateA,2,assets/portfolio_hiring/C1_M11_JOB_READINESS_GATE_A_PARCELFLOW_RC1.xlsx,True,12638,b25901b59a396ef05df03671fb34f4ad14ce94905f3469195775b3a952c10f5a
portfolio_hiring,gateReviewA,1,assets/portfolio_hiring/C1_M11_JOB_READINESS_GATE_A_PROTECTED_REVIEW_RC1.pdf,True,4799,35c70d093d22287049aedaa42f8ef33440eec03505537979e8030cf79bd8d658
portfolio_hiring,gateB,1,assets/portfolio_hiring/C1_M11_JOB_READINESS_GATE_B_INSTRUCTIONS_RC1.pdf,True,5103,39ce882c9f6e765ee44db7b129145981438fe7d62316bd4d76b4e69cd2392c21
portfolio_hiring,gateB,2,assets/portfolio_hiring/C1_M11_JOB_READINESS_GATE_B_RENEWNOW_RC1.xlsx,True,12609,0bf3178b120a27ee68b3d1ce47ba661778502ed792e25ade950067ed26e3baef
portfolio_hiring,gateReviewB,1,assets/portfolio_hiring/C1_M11_JOB_READINESS_GATE_B_PROTECTED_REVIEW_RC1.pdf,True,4863,cdccd68ccab94f4e95dc7298ab0195c19d7d9e45d358302625fe250c56dbd759
portfolio_hiring,gateC,1,assets/portfolio_hiring/C1_M11_JOB_READINESS_GATE_C_INSTRUCTIONS_RC1.pdf,True,5064,e58c80ae15d5d3373efc25ddc07632c3e1ff1b0c9cd29b6ab91ae392abd19b12
portfolio_hiring,gateC,2,assets/portfolio_hiring/C1_M11_JOB_READINESS_GATE_C_CAREOPS_RC1.xlsx,True,12715,ed2bbc9404ca69ff069d0e8de71df15e6c95f29f7d41a95e2189316a4af8a9a1
portfolio_hiring,gateReviewC,1,assets/portfolio_hiring/C1_M11_JOB_READINESS_GATE_C_PROTECTED_REVIEW_RC1.pdf,True,4802,d6e92c1fb8f280fc5e6d27ec5e8f5d44c56f293f52dcf76b4459554024db1d92
portfolio_hiring,sourceRegistry,1,assets/portfolio_hiring/C1_M11_SOURCE_VIDEO_REGISTRY_RC1.csv,True,2592,ab676242d2a5f1803f83741349684b26d7904ec738d8e7f1bd42b5cecc5149e6
